,Number of trajectories,AUROC,AUPR,state estimator
0,1,0.8546666666666667,0.30193061548195166,exact update
1,2,0.9016000000000001,0.4264450667136698,exact update
2,3,0.9171555555555556,0.3916571234891708,exact update
3,4,0.9208000000000001,0.42598627630627883,exact update
4,5,0.9423555555555555,0.5501765335930283,exact update
5,6,0.9692444444444445,0.6843429054477264,exact update
6,7,0.9761777777777777,0.7838192596851361,exact update
7,8,0.9735999999999999,0.7370408253959988,exact update
8,9,0.9785333333333334,0.7487758396913619,exact update
9,10,0.9716444444444445,0.7061909798931992,exact update
10,11,0.9800888888888889,0.8122605378769754,exact update
11,12,0.970311111111111,0.7155705983644157,exact update
12,13,0.9875111111111111,0.8699662993125609,exact update
13,14,0.9888888888888889,0.8899854979606373,exact update
14,15,0.9905777777777778,0.9234791081244187,exact update
15,16,0.9926222222222223,0.9146440864916654,exact update
16,17,0.9901777777777777,0.8884313847120345,exact update
17,18,0.9959555555555555,0.9609288056331446,exact update
18,19,0.9915999999999999,0.9022505781387027,exact update
19,20,0.9952,0.9582286480590714,exact update
20,21,0.9942666666666666,0.9479837349714261,exact update
21,22,0.9984888888888889,0.9861920900150367,exact update
22,23,0.9940444444444444,0.9258919331038721,exact update
23,24,0.9981777777777778,0.9808309041017114,exact update
24,25,0.999511111111111,0.995539100821561,exact update
25,26,0.9993333333333333,0.9933678147918096,exact update
26,27,0.9986222222222222,0.9883410747910909,exact update
27,28,0.9995555555555555,0.9957358818809225,exact update
28,29,1.0,1.0,exact update
29,30,0.9994222222222222,0.9950317008297227,exact update
0,1,0.868,0.4296503560898967,exact update
1,2,0.9138666666666667,0.6212738509146992,exact update
2,3,0.9596444444444444,0.7459129722079492,exact update
3,4,0.9664444444444444,0.7646432474018798,exact update
4,5,0.9713777777777778,0.8020312261127772,exact update
5,6,0.9801777777777777,0.870948948986128,exact update
6,7,0.9788888888888888,0.8719210376095614,exact update
7,8,0.9933333333333333,0.9505400120824676,exact update
8,9,0.9944444444444445,0.9596481583101231,exact update
9,10,0.9960444444444444,0.9695469169876155,exact update
10,11,0.9952444444444445,0.9675888894027455,exact update
11,12,0.9993777777777777,0.9943970034819665,exact update
12,13,0.9954222222222222,0.9686992671264876,exact update
13,14,0.9978666666666667,0.9829968669439191,exact update
14,15,0.9983555555555556,0.98620285270942,exact update
15,16,0.9982222222222222,0.983164965268811,exact update
16,17,0.9997333333333333,0.9976194432978084,exact update
17,18,0.9996444444444444,0.9970455054749172,exact update
18,19,0.9992444444444445,0.9930757734984369,exact update
19,20,1.0,1.0,exact update
20,21,0.999511111111111,0.9963633879781422,exact update
21,22,1.0,1.0,exact update
22,23,1.0,1.0,exact update
23,24,1.0,1.0,exact update
24,25,1.0,1.0,exact update
25,26,1.0,1.0,exact update
26,27,1.0,1.0,exact update
27,28,1.0,1.0,exact update
28,29,1.0,1.0,exact update
29,30,1.0,1.0,exact update
0,1,0.8350000000000001,0.38682220499683095,exact update
1,2,0.8982666666666667,0.5261595356438656,exact update
2,3,0.8979111111111111,0.47685978028754206,exact update
3,4,0.946088888888889,0.6278881738516308,exact update
4,5,0.9673333333333333,0.7449241342327612,exact update
5,6,0.9572444444444445,0.7355195471261559,exact update
6,7,0.9679555555555555,0.7596101715480765,exact update
7,8,0.9781777777777777,0.8663937170323062,exact update
8,9,0.9842666666666667,0.8709772608513399,exact update
9,10,0.9817333333333333,0.8487332991986356,exact update
10,11,0.9811555555555556,0.8297942471823756,exact update
11,12,0.9920444444444445,0.9282473591757794,exact update
12,13,0.9825777777777778,0.8642224926382864,exact update
13,14,0.9870222222222222,0.8853049947570663,exact update
14,15,0.9904444444444445,0.9171838187603464,exact update
15,16,0.9808444444444445,0.8679990859223248,exact update
16,17,0.9924888888888889,0.945427556258283,exact update
17,18,0.9924444444444445,0.9264028140290101,exact update
18,19,0.9927555555555555,0.9384871821251268,exact update
19,20,0.9980888888888889,0.9843292104101898,exact update
20,21,0.9969777777777777,0.981047934445476,exact update
21,22,0.9960888888888889,0.9749634691921268,exact update
22,23,0.9965777777777778,0.9746926853445748,exact update
23,24,0.9973333333333333,0.9769117797107536,exact update
24,25,0.9990666666666667,0.9925426663600336,exact update
25,26,0.9950222222222223,0.9623211159725904,exact update
26,27,0.9983555555555556,0.9876652305878229,exact update
27,28,0.9997333333333334,0.9978376623376624,exact update
28,29,0.9987999999999999,0.9927081990691013,exact update
29,30,0.9992,0.9926807646182213,exact update
0,1,0.7932888888888889,0.31950081505101385,exact update
1,2,0.8631555555555556,0.40555907166325833,exact update
2,3,0.8664888888888889,0.44886407217921037,exact update
3,4,0.9147111111111111,0.5886346755452737,exact update
4,5,0.9374222222222222,0.6629283081081113,exact update
5,6,0.9394666666666667,0.631938024962728,exact update
6,7,0.9432888888888888,0.6903661886379736,exact update
7,8,0.9409777777777778,0.7036577801987942,exact update
8,9,0.9464,0.6425825441978088,exact update
9,10,0.9605333333333334,0.7345545106285783,exact update
10,11,0.9564444444444444,0.7547493699893195,exact update
11,12,0.9670222222222222,0.7611515182108993,exact update
12,13,0.9742222222222222,0.8350799339650625,exact update
13,14,0.9662222222222222,0.7381608892971867,exact update
14,15,0.9692888888888889,0.7911741963979357,exact update
15,16,0.9792444444444444,0.8294687438137087,exact update
16,17,0.9709333333333334,0.8014646521833181,exact update
17,18,0.9783999999999999,0.8705306116687949,exact update
18,19,0.9846666666666666,0.8511758666548498,exact update
19,20,0.9795555555555556,0.8426974057030447,exact update
20,21,0.9898666666666667,0.9226064044510626,exact update
21,22,0.9858666666666667,0.885676658477512,exact update
22,23,0.9853333333333334,0.9039152878265336,exact update
23,24,0.9841777777777778,0.8712583044924459,exact update
24,25,0.9952444444444445,0.9661105982586332,exact update
25,26,0.9910666666666667,0.9214802171052386,exact update
26,27,0.9932,0.9482186425372235,exact update
27,28,0.9934222222222222,0.9506980856125837,exact update
28,29,0.9978222222222222,0.9824888726352969,exact update
29,30,0.9931111111111112,0.9512733194868477,exact update
0,1,0.8124666666666667,0.29710622275218557,exact update
1,2,0.8823111111111112,0.3926604693575339,exact update
2,3,0.8938666666666667,0.46316739019929665,exact update
3,4,0.9090666666666666,0.535326456867825,exact update
4,5,0.9344,0.571728406985491,exact update
5,6,0.9408888888888889,0.5748591104950843,exact update
6,7,0.9372444444444445,0.482271111674396,exact update
7,8,0.9614222222222222,0.7213553821247716,exact update
8,9,0.9556,0.7017713690572139,exact update
9,10,0.9547111111111111,0.6587283623724717,exact update
10,11,0.9500888888888889,0.6841913909690162,exact update
11,12,0.9682666666666666,0.7354273023391722,exact update
12,13,0.9613333333333334,0.7363771943355125,exact update
13,14,0.9556,0.5948563952184809,exact update
14,15,0.9698222222222221,0.7454884638429731,exact update
15,16,0.9761333333333333,0.7810497242796657,exact update
16,17,0.9772000000000001,0.8037005766134291,exact update
17,18,0.9714222222222222,0.8051437671167321,exact update
18,19,0.9742666666666666,0.7699757833237765,exact update
19,20,0.9772444444444444,0.8265633858137649,exact update
20,21,0.9832000000000001,0.8640879842779461,exact update
21,22,0.9823999999999999,0.8521868160015464,exact update
22,23,0.9772000000000001,0.8031718039752704,exact update
23,24,0.9781333333333333,0.7729147602072383,exact update
24,25,0.9790222222222222,0.8497615291185769,exact update
25,26,0.9891555555555556,0.9152882755355825,exact update
26,27,0.9879555555555555,0.8964304373056037,exact update
27,28,0.9881777777777777,0.9161616210458327,exact update
28,29,0.9858222222222222,0.8713562493249712,exact update
29,30,0.9910666666666668,0.9236121484131572,exact update
0,1,0.8112444444444444,0.3300960558844084,exact update
1,2,0.862311111111111,0.477788620615705,exact update
2,3,0.9057777777777778,0.5577282083940316,exact update
3,4,0.914711111111111,0.5976499385959683,exact update
4,5,0.9528888888888888,0.7010851322043055,exact update
5,6,0.9500444444444445,0.771914649664901,exact update
6,7,0.9648000000000001,0.8082351840623322,exact update
7,8,0.9610666666666666,0.7847574831592945,exact update
8,9,0.9845333333333333,0.8815664966824899,exact update
9,10,0.9805777777777778,0.877221595753132,exact update
10,11,0.9747111111111111,0.8207341114224279,exact update
11,12,0.9873333333333333,0.9091475951228736,exact update
12,13,0.9875111111111111,0.928517092364569,exact update
13,14,0.9941777777777778,0.9507052308765875,exact update
14,15,0.9972444444444444,0.9768115928451258,exact update
15,16,0.9949333333333333,0.9605337556151117,exact update
16,17,0.9916888888888888,0.9605254769371768,exact update
17,18,0.9979555555555556,0.9773885606818901,exact update
18,19,0.9985777777777778,0.9902243374300035,exact update
19,20,0.9992444444444445,0.9933614556521608,exact update
20,21,0.9995555555555556,0.996147080270998,exact update
21,22,0.9995555555555556,0.996109154783677,exact update
22,23,0.9998222222222222,0.9983663256792079,exact update
23,24,1.0,1.0,exact update
24,25,0.9999111111111111,0.9991998399359744,exact update
25,26,0.9998666666666667,0.998787424969988,exact update
26,27,0.9998222222222223,0.9985045422781273,exact update
27,28,1.0,1.0,exact update
28,29,1.0,1.0,exact update
29,30,1.0,1.0,exact update
0,1,0.8573999999999999,0.4093126458307906,exact update
1,2,0.8924444444444445,0.4602846945202325,exact update
2,3,0.9225333333333332,0.589374104326734,exact update
3,4,0.9423555555555556,0.6915837204679891,exact update
4,5,0.9460444444444445,0.691605557783769,exact update
5,6,0.9608444444444444,0.7554988294967955,exact update
6,7,0.9763999999999999,0.8427563195260948,exact update
7,8,0.9752888888888889,0.8249094468746574,exact update
8,9,0.9747111111111111,0.8479657778398179,exact update
9,10,0.9744888888888888,0.829017472052584,exact update
10,11,0.9857777777777778,0.8994894004909376,exact update
11,12,0.9914222222222222,0.9298297574223564,exact update
12,13,0.9917333333333334,0.9433457082388786,exact update
13,14,0.9968,0.9763973844960558,exact update
14,15,0.9958222222222222,0.9698757493318765,exact update
15,16,0.9969333333333333,0.974893373541615,exact update
16,17,0.9950222222222223,0.9644373248969416,exact update
17,18,0.9991111111111111,0.9921924318460312,exact update
18,19,0.9988888888888888,0.9865235937417245,exact update
19,20,0.9982666666666666,0.9830357356496346,exact update
20,21,0.9984888888888889,0.9891429707344943,exact update
21,22,0.9976888888888888,0.9839174634099632,exact update
22,23,0.9993333333333333,0.9933678147918096,exact update
23,24,0.9973777777777778,0.9804167450266579,exact update
24,25,0.9964,0.973800816943438,exact update
25,26,0.9982222222222222,0.9866513782482988,exact update
26,27,0.9998666666666666,0.9988570391872279,exact update
27,28,1.0,1.0,exact update
28,29,1.0,1.0,exact update
29,30,0.9999111111111111,0.9992232277526396,exact update
0,1,0.8265777777777779,0.3027322746732011,exact update
1,2,0.9062666666666668,0.470557778457664,exact update
2,3,0.9080444444444444,0.4402992028328789,exact update
3,4,0.9082666666666668,0.41443242883281306,exact update
4,5,0.9583555555555556,0.6833434665273912,exact update
5,6,0.9538222222222222,0.6307457457085903,exact update
6,7,0.9581777777777778,0.6594001802220878,exact update
7,8,0.963288888888889,0.6759039610363866,exact update
8,9,0.9584888888888888,0.6890264469304188,exact update
9,10,0.9723111111111111,0.8007903121114277,exact update
10,11,0.9722666666666666,0.8013902157184731,exact update
11,12,0.9838222222222222,0.8173362771047151,exact update
12,13,0.9777333333333333,0.8209356592277222,exact update
13,14,0.9787555555555556,0.8157858943412646,exact update
14,15,0.9832444444444445,0.8610425207087746,exact update
15,16,0.9720888888888889,0.7751045962042334,exact update
16,17,0.9821333333333333,0.8648380653031396,exact update
17,18,0.9861777777777777,0.8981609612783614,exact update
18,19,0.9808888888888889,0.8453525290906807,exact update
19,20,0.984,0.8933558967967309,exact update
20,21,0.9886222222222222,0.9191011472843668,exact update
21,22,0.9884888888888889,0.9098183209116475,exact update
22,23,0.9882666666666667,0.902579677986815,exact update
23,24,0.9908,0.9317731017480839,exact update
24,25,0.9927999999999999,0.94647325231061,exact update
25,26,0.9965777777777778,0.9747479909379567,exact update
26,27,0.9938222222222222,0.9430955052529864,exact update
27,28,0.9968888888888888,0.9778761965621636,exact update
28,29,0.9989333333333333,0.990798403179902,exact update
29,30,0.9974666666666667,0.9807265055190789,exact update
0,1,0.8468444444444444,0.40913138597020976,exact update
1,2,0.9337777777777777,0.5831821868698389,exact update
2,3,0.9395555555555557,0.6780118661525238,exact update
3,4,0.948,0.739990452086875,exact update
4,5,0.9586222222222223,0.7443252391865699,exact update
5,6,0.9804444444444445,0.8776762824708613,exact update
6,7,0.9830666666666668,0.90328493625658,exact update
7,8,0.9907111111111111,0.9322024516195755,exact update
8,9,0.9900444444444445,0.9198800230526174,exact update
9,10,0.9929333333333334,0.9516928263476918,exact update
10,11,0.9947111111111111,0.9549190473342893,exact update
11,12,0.9968888888888888,0.9743911986109957,exact update
12,13,0.9954666666666666,0.9716448364531927,exact update
13,14,0.9956888888888888,0.9809445436429115,exact update
14,15,0.9964444444444445,0.969855928389431,exact update
15,16,0.9982222222222222,0.9902402290266549,exact update
16,17,0.9996444444444444,0.9967716510720136,exact update
17,18,0.9996444444444444,0.9968837175508811,exact update
18,19,1.0,1.0,exact update
19,20,0.999511111111111,0.9963633879781422,exact update
20,21,1.0,1.0,exact update
21,22,0.9999555555555555,0.9996039215686274,exact update
22,23,0.9998666666666667,0.9988191461199866,exact update
23,24,0.9999555555555555,0.9996039215686274,exact update
24,25,1.0,1.0,exact update
25,26,1.0,1.0,exact update
26,27,0.9999555555555555,0.9996039215686274,exact update
27,28,1.0,1.0,exact update
28,29,1.0,1.0,exact update
29,30,1.0,1.0,exact update
0,1,0.8422666666666667,0.343311424151346,exact update
1,2,0.9021333333333333,0.4611612123222706,exact update
2,3,0.9075555555555554,0.5084873929207142,exact update
3,4,0.9329777777777777,0.6987725032873479,exact update
4,5,0.9472888888888888,0.6760810117671822,exact update
5,6,0.9692000000000001,0.7822994925021118,exact update
6,7,0.9717777777777777,0.8246773247648576,exact update
7,8,0.9845333333333334,0.8813624268818692,exact update
8,9,0.9851111111111112,0.8925675974708881,exact update
9,10,0.9888888888888888,0.8981919451385634,exact update
10,11,0.9864888888888889,0.8943983259899438,exact update
11,12,0.9832,0.8665039462692166,exact update
12,13,0.9928444444444445,0.9501929832949105,exact update
13,14,0.9896444444444444,0.908819628590452,exact update
14,15,0.9886666666666667,0.9079640423832817,exact update
15,16,0.9955555555555555,0.9628831264021496,exact update
16,17,0.9932444444444445,0.9365156347752466,exact update
17,18,0.9927111111111111,0.9325629031044327,exact update
18,19,0.9946666666666666,0.9569256529235184,exact update
19,20,0.9944888888888889,0.9555859623177319,exact update
20,21,0.9979111111111111,0.9835805856727229,exact update
21,22,0.9958222222222222,0.96000492439219,exact update
22,23,0.9977777777777778,0.9863311841091709,exact update
23,24,0.9995555555555555,0.9963137145872996,exact update
24,25,0.9995555555555556,0.996228620448634,exact update
25,26,0.9984888888888889,0.9890617254373983,exact update
26,27,0.9993333333333333,0.9943259906760467,exact update
27,28,0.9995111111111111,0.9957063907098076,exact update
28,29,0.9997777777777778,0.9980405425885885,exact update
29,30,0.9995111111111111,0.9956133520709313,exact update
0,1,0.684088888888889,0.2160908076373774,particle filter
1,2,0.6936888888888889,0.22806278592274237,particle filter
2,3,0.8238222222222222,0.3554726362667056,particle filter
3,4,0.8677333333333332,0.5384865682374211,particle filter
4,5,0.891688888888889,0.5901084602489755,particle filter
5,6,0.8955111111111111,0.5060350807181904,particle filter
6,7,0.8718666666666667,0.42452388095515686,particle filter
7,8,0.9022222222222221,0.5493995960490854,particle filter
8,9,0.932,0.6041880089349911,particle filter
9,10,0.9523555555555556,0.6736609306818772,particle filter
10,11,0.9433777777777778,0.7367104235400475,particle filter
11,12,0.9608444444444444,0.763028306981946,particle filter
12,13,0.9625333333333334,0.7562932781038803,particle filter
13,14,0.9517333333333333,0.7437436296264058,particle filter
14,15,0.9757777777777777,0.8185383081911932,particle filter
15,16,0.9607111111111111,0.6886844343919382,particle filter
16,17,0.9657777777777776,0.7789963091238685,particle filter
17,18,0.9766222222222223,0.8234936726305718,particle filter
18,19,0.9805333333333334,0.8455946128994943,particle filter
19,20,0.9807111111111111,0.8523640890374793,particle filter
20,21,0.9823555555555555,0.877455392424783,particle filter
21,22,0.9844444444444443,0.8547566771853189,particle filter
22,23,0.9843111111111111,0.899458925573115,particle filter
23,24,0.9903555555555554,0.9218894464792362,particle filter
24,25,0.9885777777777778,0.9149398763028587,particle filter
25,26,0.9888888888888888,0.9014894091799515,particle filter
26,27,0.9936,0.9600632140096196,particle filter
27,28,0.9928,0.9365427984803352,particle filter
28,29,0.9879555555555556,0.9183498201076019,particle filter
29,30,0.9953777777777777,0.9653325794232486,particle filter
0,1,0.699288888888889,0.21928073216558525,particle filter
1,2,0.8058666666666667,0.2777187657405492,particle filter
2,3,0.841288888888889,0.4416286479998336,particle filter
3,4,0.8547555555555555,0.4336744092049474,particle filter
4,5,0.8978222222222222,0.5396023059001149,particle filter
5,6,0.9260888888888889,0.5799404418742098,particle filter
6,7,0.9136444444444444,0.6164422460551217,particle filter
7,8,0.9189333333333334,0.6726716573490759,particle filter
8,9,0.9191111111111111,0.6241988088944176,particle filter
9,10,0.9366222222222222,0.7350048724545072,particle filter
10,11,0.9376,0.6613392775700535,particle filter
11,12,0.9544888888888889,0.7563866790056709,particle filter
12,13,0.9690222222222222,0.8242373277337248,particle filter
13,14,0.9744444444444443,0.8549817268833138,particle filter
14,15,0.9768,0.8843604289420842,particle filter
15,16,0.9812888888888889,0.8858438008896579,particle filter
16,17,0.9696444444444445,0.8150863698078548,particle filter
17,18,0.9871555555555556,0.9288356466978361,particle filter
18,19,0.9810222222222222,0.8740625280999074,particle filter
19,20,0.9718222222222223,0.8769031267520803,particle filter
20,21,0.9896,0.9248525572830626,particle filter
21,22,0.9863999999999999,0.9162248090865891,particle filter
22,23,0.9973777777777778,0.977559628431226,particle filter
23,24,0.9954666666666666,0.9670962196890316,particle filter
24,25,0.996488888888889,0.9765085034861432,particle filter
25,26,0.9897333333333334,0.9461998129137654,particle filter
26,27,0.9956444444444443,0.9785825061944783,particle filter
27,28,0.998,0.9835322190408708,particle filter
28,29,0.9992444444444444,0.9939877098945418,particle filter
29,30,0.9982222222222222,0.9864695967024282,particle filter
0,1,0.7498222222222223,0.4002670983106602,particle filter
1,2,0.7361777777777777,0.40528422719616075,particle filter
2,3,0.8690222222222223,0.5840370768442518,particle filter
3,4,0.8855111111111111,0.6109765690176383,particle filter
4,5,0.9468444444444444,0.766370034384126,particle filter
5,6,0.9635111111111112,0.8521133416016003,particle filter
6,7,0.9632444444444443,0.8398994599749221,particle filter
7,8,0.9697333333333333,0.8720326669002779,particle filter
8,9,0.9763999999999999,0.8847994020970018,particle filter
9,10,0.9922666666666666,0.9556998494440019,particle filter
10,11,0.9895111111111111,0.9341009239298833,particle filter
11,12,0.9892,0.9299474778284189,particle filter
12,13,0.9886666666666666,0.9321886750329939,particle filter
13,14,0.9831555555555556,0.8893068391957486,particle filter
14,15,0.9965333333333334,0.9723631836882232,particle filter
15,16,0.9953333333333333,0.9640393609208507,particle filter
16,17,0.9982666666666667,0.9856861305602376,particle filter
17,18,0.9942666666666667,0.9610318338531233,particle filter
18,19,0.9996,0.9966410354146205,particle filter
19,20,0.9992,0.9940127044407506,particle filter
20,21,0.9993333333333333,0.9946944536105153,particle filter
21,22,0.9999111111111111,0.9992232277526396,particle filter
22,23,1.0,1.0,particle filter
23,24,0.9993333333333333,0.9944643723781028,particle filter
24,25,1.0,1.0,particle filter
25,26,0.9999555555555555,0.9996039215686274,particle filter
26,27,0.9997777777777778,0.9980648823244829,particle filter
27,28,1.0,1.0,particle filter
28,29,1.0,1.0,particle filter
29,30,1.0,1.0,particle filter
0,1,0.7312444444444444,0.2036076490876125,particle filter
1,2,0.7870666666666666,0.22988937136007487,particle filter
2,3,0.8451111111111111,0.2976891672651465,particle filter
3,4,0.8240888888888889,0.4031573237329794,particle filter
4,5,0.8500444444444444,0.3057444113793539,particle filter
5,6,0.8727555555555555,0.40458074828144047,particle filter
6,7,0.8794222222222221,0.36343482461618004,particle filter
7,8,0.9001777777777777,0.43412147254917205,particle filter
8,9,0.9176,0.44814479204510427,particle filter
9,10,0.9365777777777777,0.6267048166665299,particle filter
10,11,0.9425777777777777,0.5477997516633026,particle filter
11,12,0.9418666666666666,0.5807740957151486,particle filter
12,13,0.9607555555555556,0.6924135396412563,particle filter
13,14,0.9518666666666666,0.7446419248038447,particle filter
14,15,0.9683999999999999,0.70448032671164,particle filter
15,16,0.971111111111111,0.7881601487069603,particle filter
16,17,0.9600444444444445,0.7549147723655598,particle filter
17,18,0.9810666666666666,0.8112159265964933,particle filter
18,19,0.9785777777777778,0.8165619403321787,particle filter
19,20,0.9698666666666667,0.7213959918586912,particle filter
20,21,0.9837777777777778,0.8634393158474029,particle filter
21,22,0.9828888888888888,0.8642893905144432,particle filter
22,23,0.9736444444444444,0.739644539761788,particle filter
23,24,0.9786666666666667,0.7971782136078868,particle filter
24,25,0.987688888888889,0.8648916525286743,particle filter
25,26,0.9757333333333333,0.7849620885645812,particle filter
26,27,0.9867111111111111,0.8803582649055125,particle filter
27,28,0.9851111111111112,0.874220900381314,particle filter
28,29,0.9877333333333334,0.8872678840952117,particle filter
29,30,0.9868,0.8928833289831971,particle filter
0,1,0.7896,0.3079233755041057,particle filter
1,2,0.9091111111111112,0.5466114728810108,particle filter
2,3,0.9187555555555555,0.6058639316525496,particle filter
3,4,0.9588888888888889,0.701472593773308,particle filter
4,5,0.9288444444444446,0.6714636865771242,particle filter
5,6,0.9735555555555555,0.8600549692082741,particle filter
6,7,0.9595999999999999,0.746129838235492,particle filter
7,8,0.9753777777777778,0.8509487563033211,particle filter
8,9,0.9911555555555556,0.9437940742101104,particle filter
9,10,0.9762666666666666,0.8706032554529904,particle filter
10,11,0.9899111111111112,0.9359279653891871,particle filter
11,12,0.9958666666666667,0.9723339745486078,particle filter
12,13,0.9982222222222222,0.982507354744022,particle filter
13,14,0.9960444444444445,0.9692578730412954,particle filter
14,15,0.993688888888889,0.9520000468400203,particle filter
15,16,0.9994222222222222,0.9958397337429596,particle filter
16,17,0.9977333333333332,0.9838615862540032,particle filter
17,18,0.9982666666666667,0.9880535054005949,particle filter
18,19,0.9999555555555555,0.9996039215686274,particle filter
19,20,1.0,1.0,particle filter
20,21,0.9999111111111111,0.9991998399359744,particle filter
21,22,0.9998222222222223,0.9985045422781273,particle filter
22,23,1.0,1.0,particle filter
23,24,1.0,1.0,particle filter
24,25,1.0,1.0,particle filter
25,26,0.9997777777777778,0.9981649831649833,particle filter
26,27,1.0,1.0,particle filter
27,28,1.0,1.0,particle filter
28,29,1.0,1.0,particle filter
29,30,1.0,1.0,particle filter
0,1,0.7048888888888889,0.2774005732813992,particle filter
1,2,0.8302222222222223,0.4172500952842185,particle filter
2,3,0.8356,0.4693844584522151,particle filter
3,4,0.9064000000000001,0.5676881985856232,particle filter
4,5,0.8872,0.5335045283070644,particle filter
5,6,0.9193777777777777,0.7142598378934499,particle filter
6,7,0.9578666666666666,0.820001523884096,particle filter
7,8,0.9477333333333333,0.8175202058388641,particle filter
8,9,0.9365777777777776,0.773993369064924,particle filter
9,10,0.9671555555555555,0.8228221979222229,particle filter
10,11,0.9701333333333333,0.8695797202403345,particle filter
11,12,0.9831555555555554,0.9024127911595061,particle filter
12,13,0.9903555555555557,0.9427461752481415,particle filter
13,14,0.9832888888888889,0.9159490108426622,particle filter
14,15,0.9962666666666666,0.9797959031800515,particle filter
15,16,0.9865333333333333,0.9445307549271096,particle filter
16,17,0.9896444444444444,0.9378904856802077,particle filter
17,18,0.9972888888888889,0.9756877678939699,particle filter
18,19,0.9991555555555556,0.9931102259932689,particle filter
19,20,0.9934222222222222,0.9646740987778196,particle filter
20,21,0.9942666666666667,0.9647948654916337,particle filter
21,22,0.9965333333333333,0.9765954523947337,particle filter
22,23,0.9987111111111111,0.992611165206102,particle filter
23,24,0.9959111111111111,0.9713653634616057,particle filter
24,25,0.9995555555555555,0.9966384180790961,particle filter
25,26,0.9999555555555555,0.9996039215686274,particle filter
26,27,0.9992888888888889,0.9942850244139377,particle filter
27,28,1.0,1.0,particle filter
28,29,1.0,1.0,particle filter
29,30,1.0,1.0,particle filter
0,1,0.7623111111111112,0.243939884304113,particle filter
1,2,0.7873333333333333,0.31656923857706515,particle filter
2,3,0.8018666666666667,0.3200523775250373,particle filter
3,4,0.8463111111111111,0.3952526875720238,particle filter
4,5,0.8429777777777778,0.3905132994451272,particle filter
5,6,0.8926666666666667,0.542532353819415,particle filter
6,7,0.9406666666666668,0.7289853673304789,particle filter
7,8,0.9180444444444444,0.5150442085205319,particle filter
8,9,0.9357333333333333,0.6578363950569808,particle filter
9,10,0.9474222222222222,0.7227957026266074,particle filter
10,11,0.9102222222222222,0.5664216311386464,particle filter
11,12,0.9743555555555555,0.8673461922720388,particle filter
12,13,0.9657333333333333,0.8039379056889157,particle filter
13,14,0.9719555555555555,0.8338261640579112,particle filter
14,15,0.9725777777777778,0.8202730037055193,particle filter
15,16,0.9832888888888889,0.8989784444018262,particle filter
16,17,0.9814222222222222,0.8844111931696079,particle filter
17,18,0.991511111111111,0.9433302736451374,particle filter
18,19,0.9784,0.866377910306575,particle filter
19,20,0.9900444444444444,0.9230047236286378,particle filter
20,21,0.9943555555555555,0.9617856430206482,particle filter
21,22,0.9971555555555556,0.9745621515991174,particle filter
22,23,0.9953777777777777,0.9659111152242004,particle filter
23,24,0.9969777777777779,0.9770238858330569,particle filter
24,25,0.9917777777777778,0.9455996572200178,particle filter
25,26,0.9970222222222223,0.9757626975020953,particle filter
26,27,0.9997333333333334,0.9974965548908432,particle filter
27,28,0.9973333333333333,0.9859811394527032,particle filter
28,29,0.9996444444444444,0.9968837175508811,particle filter
29,30,0.9998222222222222,0.9984529575545749,particle filter
0,1,0.7259777777777777,0.24736081625966905,particle filter
1,2,0.8067555555555556,0.3720513437640191,particle filter
2,3,0.7868888888888889,0.2962286481843283,particle filter
3,4,0.8625333333333334,0.39168981042392076,particle filter
4,5,0.9366666666666668,0.6342288715864521,particle filter
5,6,0.9240444444444444,0.5795518767992189,particle filter
6,7,0.9282666666666666,0.628476965584734,particle filter
7,8,0.9304444444444444,0.6396621406732749,particle filter
8,9,0.9565333333333335,0.7528299477063536,particle filter
9,10,0.9404444444444444,0.7103217372126784,particle filter
10,11,0.946,0.7307659429402424,particle filter
11,12,0.9659555555555556,0.8464853841144103,particle filter
12,13,0.9782222222222221,0.9009845058607684,particle filter
13,14,0.9745777777777778,0.8350221679259477,particle filter
14,15,0.9773333333333333,0.8584219176171397,particle filter
15,16,0.9795111111111111,0.8916138227241611,particle filter
16,17,0.9787111111111111,0.8776813065516366,particle filter
17,18,0.9902222222222222,0.934082716499818,particle filter
18,19,0.9692000000000001,0.8192997804877803,particle filter
19,20,0.9830222222222222,0.8945750140431435,particle filter
20,21,0.9890666666666666,0.9278515795917743,particle filter
21,22,0.9927555555555555,0.952131630117445,particle filter
22,23,0.9940444444444445,0.9726867504916951,particle filter
23,24,0.9924888888888889,0.9489592245435172,particle filter
24,25,0.9891111111111112,0.9421475624819019,particle filter
25,26,0.9964888888888889,0.9660532997761466,particle filter
26,27,0.9968,0.9781399274841418,particle filter
27,28,0.9976444444444444,0.9823378729814876,particle filter
28,29,0.9958222222222222,0.971931562555841,particle filter
29,30,0.9995111111111111,0.9960126090545112,particle filter
0,1,0.7206666666666666,0.21338214013337836,particle filter
1,2,0.7584444444444445,0.24744062635864833,particle filter
2,3,0.8492444444444445,0.3359611314689642,particle filter
3,4,0.7919999999999999,0.293063099116327,particle filter
4,5,0.8631111111111112,0.35918809511988403,particle filter
5,6,0.9111555555555555,0.5923534648388205,particle filter
6,7,0.8974666666666666,0.542153354143789,particle filter
7,8,0.9120888888888888,0.5116506468394587,particle filter
8,9,0.9306666666666666,0.5482185740622064,particle filter
9,10,0.9446222222222223,0.6214332753950137,particle filter
10,11,0.946,0.6667014028856102,particle filter
11,12,0.9373777777777778,0.5762386659122352,particle filter
12,13,0.9516888888888888,0.682411415871903,particle filter
13,14,0.9456444444444445,0.6081078944473023,particle filter
14,15,0.9490666666666667,0.616998947454433,particle filter
15,16,0.9524444444444444,0.6115539689322993,particle filter
16,17,0.9684,0.7096082161855501,particle filter
17,18,0.9625333333333334,0.6876141120514931,particle filter
18,19,0.9806222222222222,0.8491468146016894,particle filter
19,20,0.9754666666666666,0.7982406075022511,particle filter
20,21,0.9661333333333333,0.7139287166936997,particle filter
21,22,0.9660888888888889,0.696231087279545,particle filter
22,23,0.9655555555555555,0.7397341512473807,particle filter
23,24,0.9714666666666666,0.7610253116569354,particle filter
24,25,0.968,0.7261095148128563,particle filter
25,26,0.9827111111111111,0.8505101080992039,particle filter
26,27,0.9851555555555556,0.8329664510938308,particle filter
27,28,0.9707555555555556,0.7694023156804871,particle filter
28,29,0.978488888888889,0.8246084126672415,particle filter
29,30,0.9788444444444444,0.7698386225252231,particle filter
0,1,0.7408,0.2475669654221314,particle filter
1,2,0.7607111111111111,0.30926325861468384,particle filter
2,3,0.8273333333333334,0.4563650100448448,particle filter
3,4,0.8715999999999999,0.5446239884044803,particle filter
4,5,0.8936888888888889,0.5113543721594914,particle filter
5,6,0.9043555555555556,0.589296186613051,particle filter
6,7,0.9242666666666667,0.6681369367294193,particle filter
7,8,0.963111111111111,0.796089811773971,particle filter
8,9,0.9572888888888889,0.8159720343175129,particle filter
9,10,0.9543555555555555,0.7455193196134695,particle filter
10,11,0.9640888888888889,0.7650787685112459,particle filter
11,12,0.9778222222222221,0.8768552903164398,particle filter
12,13,0.9814666666666667,0.8935686971653362,particle filter
13,14,0.9772888888888889,0.8811970207474497,particle filter
14,15,0.9806222222222222,0.9000108610976925,particle filter
15,16,0.9901777777777777,0.9283541184811929,particle filter
16,17,0.9907111111111111,0.9286046779349624,particle filter
17,18,0.9895111111111111,0.9576893263169228,particle filter
18,19,0.9942222222222222,0.9565962235524874,particle filter
19,20,0.9895999999999999,0.9562796983789961,particle filter
20,21,0.9991111111111111,0.9933498850645005,particle filter
21,22,0.9976444444444443,0.9819922317494626,particle filter
22,23,0.9969777777777777,0.9744497384392907,particle filter
23,24,0.9978666666666667,0.9840368763207437,particle filter
24,25,0.9981777777777777,0.9862809812463985,particle filter
25,26,0.9992,0.9936783569667678,particle filter
26,27,0.9999555555555555,0.9996039215686274,particle filter
27,28,1.0,1.0,particle filter
28,29,1.0,1.0,particle filter
29,30,1.0,1.0,particle filter
