,X,Y,Z,W,Q,T,time,experiment
0,1.0,0.0,0.0,0.0,1.0,0.0,0.0,1
1,1.0,0.0,1.0,0.0,1.0,0.0,0.013309753716651218,1
2,1.0,0.0,1.0,0.0,1.0,1.0,0.5254003783950923,1
3,1.0,0.0,1.0,1.0,1.0,1.0,0.7401858596958578,1
4,1.0,1.0,1.0,1.0,1.0,1.0,1.1071183803673856,1
5,1.0,1.0,1.0,0.0,1.0,1.0,1.5945035659162463,1
6,1.0,1.0,1.0,0.0,1.0,0.0,1.632139363478503,1
7,1.0,1.0,1.0,0.0,1.0,1.0,3.202195609097157,1
8,1.0,1.0,1.0,0.0,1.0,0.0,3.425640545183278,1
9,1.0,0.0,1.0,0.0,1.0,0.0,3.7512372342476876,1
10,1.0,1.0,1.0,0.0,1.0,0.0,3.8819031486929907,1
11,1.0,0.0,1.0,0.0,1.0,0.0,3.889715445831586,1
12,1.0,0.0,1.0,0.0,1.0,1.0,3.9104213511824084,1
13,1.0,0.0,1.0,1.0,1.0,1.0,3.9477013654131494,1
14,1.0,0.0,1.0,1.0,0.0,1.0,4.197318042221933,1
15,1.0,0.0,1.0,1.0,0.0,0.0,4.76371490027981,1
16,1.0,0.0,0.0,1.0,0.0,0.0,5.380433314083101,1
17,1.0,0.0,0.0,1.0,0.0,1.0,5.408861226751691,1
18,1.0,0.0,1.0,1.0,0.0,1.0,5.440804158053896,1
19,1.0,0.0,1.0,1.0,0.0,0.0,5.542667028993058,1
20,1.0,0.0,1.0,0.0,0.0,0.0,5.699989327718475,1
21,0.0,0.0,1.0,0.0,0.0,0.0,5.758898487236886,1
22,0.0,0.0,1.0,1.0,0.0,0.0,6.66966556414396,1
23,0.0,0.0,1.0,1.0,0.0,1.0,6.67669199074503,1
24,1.0,0.0,1.0,1.0,0.0,1.0,7.280190436403259,1
25,1.0,0.0,0.0,1.0,0.0,1.0,7.680213140158063,1
26,1.0,1.0,0.0,1.0,0.0,1.0,7.89460488946509,1
27,1.0,1.0,0.0,0.0,0.0,1.0,7.987426314577977,1
28,1.0,1.0,0.0,1.0,0.0,1.0,8.229742071615888,1
29,0.0,1.0,0.0,1.0,0.0,1.0,8.89982497489219,1
30,0.0,1.0,0.0,0.0,0.0,1.0,9.315086095806757,1
31,0.0,1.0,0.0,0.0,1.0,1.0,9.47843682532945,1
32,0.0,1.0,0.0,0.0,0.0,1.0,9.604632199622904,1
33,1.0,1.0,0.0,0.0,0.0,1.0,10.91202715492389,1
34,1.0,1.0,1.0,0.0,0.0,1.0,10.942262087023265,1
35,1.0,1.0,1.0,0.0,0.0,0.0,11.300330824385362,1
36,1.0,0.0,1.0,0.0,0.0,0.0,11.866733479817743,1
37,1.0,0.0,0.0,0.0,0.0,0.0,11.874022246967288,1
38,1.0,1.0,0.0,0.0,0.0,0.0,12.036170310943774,1
39,1.0,1.0,0.0,0.0,1.0,0.0,12.25435073132664,1
40,1.0,1.0,0.0,0.0,0.0,0.0,12.391415697947675,1
41,1.0,1.0,0.0,1.0,0.0,0.0,13.496173856649289,1
42,1.0,1.0,0.0,1.0,1.0,0.0,13.860967650243225,1
43,1.0,1.0,0.0,1.0,1.0,1.0,14.823956802222549,1
44,1.0,0.0,0.0,1.0,1.0,1.0,15.578271488512831,1
45,1.0,0.0,0.0,1.0,0.0,1.0,15.64268406021385,1
46,1.0,0.0,0.0,1.0,0.0,0.0,15.82635823531826,1
47,1.0,0.0,0.0,0.0,0.0,0.0,16.142306013576892,1
48,0.0,0.0,0.0,0.0,0.0,0.0,16.143902478658852,1
49,0.0,0.0,1.0,0.0,0.0,0.0,17.188650381115465,1
50,0.0,0.0,0.0,0.0,0.0,0.0,17.35405713042652,1
51,0.0,0.0,0.0,0.0,0.0,1.0,17.433029916549955,1
52,0.0,1.0,0.0,0.0,0.0,1.0,17.710587217979587,1
53,0.0,0.0,0.0,0.0,0.0,1.0,18.180798328233376,1
54,0.0,0.0,0.0,0.0,0.0,0.0,18.73803747679986,1
55,0.0,0.0,0.0,0.0,0.0,1.0,19.05125168803627,1
56,0.0,0.0,0.0,1.0,0.0,1.0,19.07216896420745,1
57,0.0,0.0,0.0,1.0,1.0,1.0,19.136258987798993,1
58,0.0,0.0,0.0,1.0,0.0,1.0,19.265110914061545,1
59,0.0,0.0,0.0,0.0,0.0,1.0,19.363710620379955,1
60,0.0,0.0,1.0,0.0,0.0,1.0,19.61545739736207,1
61,0.0,0.0,0.0,0.0,0.0,1.0,19.83194487302037,1
62,0.0,0.0,0.0,0.0,1.0,1.0,20.52834834060238,1
63,0.0,0.0,1.0,0.0,1.0,1.0,20.555491586075203,1
64,0.0,0.0,1.0,0.0,0.0,1.0,21.414969793853274,1
65,0.0,0.0,0.0,0.0,0.0,1.0,22.852313478702484,1
66,0.0,0.0,0.0,0.0,1.0,1.0,22.907237795502954,1
67,0.0,0.0,0.0,0.0,1.0,0.0,23.266956188651882,1
68,1.0,0.0,0.0,0.0,1.0,0.0,23.26777741437996,1
69,1.0,0.0,0.0,0.0,0.0,0.0,23.59670162126527,1
70,1.0,0.0,1.0,0.0,0.0,0.0,24.5993315933126,1
71,1.0,0.0,1.0,1.0,0.0,0.0,25.131791017006545,1
72,1.0,0.0,1.0,0.0,0.0,0.0,25.624647814609098,1
73,0.0,0.0,1.0,0.0,0.0,0.0,26.161355519840495,1
74,1.0,0.0,1.0,0.0,0.0,0.0,26.637724264018285,1
75,1.0,1.0,1.0,0.0,0.0,0.0,27.100103212869072,1
76,1.0,1.0,1.0,1.0,0.0,0.0,27.4928697299377,1
77,0.0,1.0,1.0,1.0,0.0,0.0,28.342101679764294,1
78,0.0,0.0,1.0,1.0,0.0,0.0,28.42677013018591,1
79,0.0,0.0,1.0,1.0,0.0,1.0,29.02116873655156,1
80,0.0,1.0,1.0,1.0,0.0,1.0,29.44051322746449,1
81,1.0,1.0,1.0,1.0,0.0,1.0,30.584918030674295,1
82,1.0,1.0,0.0,1.0,0.0,1.0,30.77175760571458,1
83,0.0,1.0,0.0,1.0,0.0,1.0,30.997716349272686,1
84,0.0,1.0,0.0,1.0,1.0,1.0,31.02107299579848,1
85,0.0,1.0,0.0,0.0,1.0,1.0,31.436408955823747,1
86,0.0,1.0,0.0,0.0,1.0,0.0,31.48475986064672,1
87,1.0,1.0,0.0,0.0,1.0,0.0,31.554232446738805,1
88,0.0,1.0,0.0,0.0,1.0,0.0,31.5668657817296,1
89,0.0,1.0,0.0,1.0,1.0,0.0,31.67978254356932,1
90,1.0,1.0,0.0,1.0,1.0,0.0,31.747723833196794,1
91,1.0,1.0,0.0,1.0,1.0,1.0,31.993028435015184,1
92,1.0,0.0,0.0,1.0,1.0,1.0,32.42518854432662,1
93,1.0,0.0,1.0,1.0,1.0,1.0,32.9696288953064,1
94,1.0,0.0,1.0,0.0,1.0,1.0,33.210023929971726,1
95,1.0,1.0,1.0,0.0,1.0,1.0,34.39806392370732,1
96,1.0,1.0,0.0,0.0,1.0,1.0,34.72247456931206,1
97,0.0,1.0,0.0,0.0,1.0,1.0,34.820881922085526,1
98,0.0,1.0,0.0,0.0,0.0,1.0,34.948063549320636,1
99,0.0,1.0,1.0,0.0,0.0,1.0,35.45169633738137,1
100,0.0,1.0,1.0,0.0,0.0,0.0,35.88379796312405,1
101,0.0,1.0,0.0,0.0,0.0,0.0,36.77480345342725,1
102,1.0,1.0,0.0,0.0,0.0,0.0,36.96065962237458,1
103,1.0,1.0,0.0,1.0,0.0,0.0,37.6107941480125,1
104,1.0,1.0,0.0,1.0,0.0,1.0,38.02951683205305,1
105,0.0,1.0,0.0,1.0,0.0,1.0,39.38507846183742,1
106,0.0,1.0,0.0,0.0,0.0,1.0,40.343513289528005,1
107,0.0,1.0,0.0,0.0,0.0,0.0,40.56623413329674,1
108,0.0,0.0,0.0,0.0,0.0,0.0,41.343010898092764,1
109,0.0,0.0,0.0,0.0,1.0,0.0,41.493620641459195,1
110,0.0,0.0,0.0,0.0,0.0,0.0,42.42244271204559,1
111,0.0,0.0,0.0,0.0,0.0,1.0,42.55246197942967,1
112,1.0,0.0,0.0,0.0,0.0,1.0,42.77604970770854,1
113,1.0,1.0,0.0,0.0,0.0,1.0,42.910059371399,1
114,1.0,1.0,0.0,0.0,1.0,1.0,43.63387282530754,1
115,1.0,1.0,0.0,0.0,1.0,0.0,43.674554238629725,1
116,1.0,1.0,0.0,0.0,0.0,0.0,44.09264671785312,1
117,1.0,1.0,0.0,0.0,0.0,1.0,44.577506935249836,1
118,0.0,1.0,0.0,0.0,0.0,1.0,45.289614411445946,1
119,0.0,1.0,1.0,0.0,0.0,1.0,45.80329404766835,1
120,0.0,1.0,1.0,0.0,0.0,0.0,45.806030238746914,1
121,1.0,1.0,1.0,0.0,0.0,0.0,46.7873929977136,1
122,1.0,1.0,1.0,0.0,0.0,1.0,47.756121148177456,1
123,1.0,1.0,1.0,0.0,0.0,0.0,47.832975958170046,1
124,1.0,1.0,1.0,1.0,0.0,0.0,47.84066511496219,1
125,1.0,1.0,0.0,1.0,0.0,0.0,48.012159943102304,1
126,1.0,1.0,0.0,1.0,1.0,0.0,48.729152657444075,1
127,1.0,0.0,0.0,1.0,1.0,0.0,49.39330732650923,1
128,1.0,0.0,1.0,1.0,1.0,0.0,50.01827865549683,1
0,0.0,1.0,0.0,0.0,1.0,1.0,0.0,2
1,0.0,1.0,0.0,1.0,1.0,1.0,1.1265209371738099,2
2,0.0,1.0,1.0,1.0,1.0,1.0,1.6031205859780424,2
3,0.0,1.0,1.0,1.0,0.0,1.0,2.05716548099878,2
4,0.0,0.0,1.0,1.0,0.0,1.0,2.410718224128026,2
5,0.0,0.0,1.0,0.0,0.0,1.0,2.4581262376436017,2
6,0.0,0.0,1.0,0.0,0.0,0.0,2.4956748453368887,2
7,0.0,0.0,0.0,0.0,0.0,0.0,2.860979503479719,2
8,0.0,0.0,0.0,1.0,0.0,0.0,3.1054893241065153,2
9,0.0,0.0,0.0,0.0,0.0,0.0,3.291891018892284,2
10,1.0,0.0,0.0,0.0,0.0,0.0,3.4603805487565613,2
11,1.0,0.0,0.0,0.0,0.0,1.0,3.598718905334198,2
12,1.0,0.0,0.0,0.0,1.0,1.0,4.405414849082067,2
13,1.0,1.0,0.0,0.0,1.0,1.0,4.7404539671833845,2
14,1.0,1.0,0.0,0.0,0.0,1.0,4.837121467295161,2
15,1.0,1.0,0.0,0.0,1.0,1.0,5.3102152926165465,2
16,1.0,0.0,0.0,0.0,1.0,1.0,5.601031518630566,2
17,1.0,1.0,0.0,0.0,1.0,1.0,6.049125359446237,2
18,1.0,1.0,1.0,0.0,1.0,1.0,6.746534504918056,2
19,1.0,1.0,1.0,1.0,1.0,1.0,7.013259614885643,2
20,1.0,1.0,1.0,1.0,1.0,0.0,7.358530097771661,2
21,0.0,1.0,1.0,1.0,1.0,0.0,7.452245074622897,2
22,0.0,1.0,1.0,0.0,1.0,0.0,7.773069280492454,2
23,0.0,0.0,1.0,0.0,1.0,0.0,8.801623458679016,2
24,0.0,0.0,1.0,1.0,1.0,0.0,8.846328538246246,2
25,0.0,0.0,1.0,1.0,0.0,0.0,8.91665385921596,2
26,0.0,0.0,1.0,0.0,0.0,0.0,9.016640849064363,2
27,0.0,0.0,0.0,0.0,0.0,0.0,9.11598196036779,2
28,0.0,0.0,1.0,0.0,0.0,0.0,9.256475418390316,2
29,1.0,0.0,1.0,0.0,0.0,0.0,9.736439287343703,2
30,0.0,0.0,1.0,0.0,0.0,0.0,10.06328894181112,2
31,0.0,0.0,1.0,0.0,1.0,0.0,10.862723722434168,2
32,0.0,0.0,1.0,0.0,0.0,0.0,11.4702589298258,2
33,1.0,0.0,1.0,0.0,0.0,0.0,11.56628188070867,2
34,0.0,0.0,1.0,0.0,0.0,0.0,12.342378750298302,2
35,0.0,0.0,1.0,0.0,0.0,1.0,12.822054742165982,2
36,0.0,0.0,1.0,0.0,1.0,1.0,13.290480025036127,2
37,0.0,0.0,1.0,0.0,1.0,0.0,13.530340521999209,2
38,0.0,0.0,1.0,0.0,1.0,1.0,13.704858856119866,2
39,0.0,0.0,1.0,0.0,1.0,0.0,14.544631978002004,2
40,0.0,0.0,1.0,0.0,1.0,1.0,14.689220860720168,2
41,0.0,0.0,0.0,0.0,1.0,1.0,15.113052718264212,2
42,1.0,0.0,0.0,0.0,1.0,1.0,15.6447467176959,2
43,1.0,0.0,0.0,1.0,1.0,1.0,15.721911255193733,2
44,1.0,0.0,0.0,1.0,1.0,0.0,16.26673491416162,2
45,1.0,0.0,0.0,0.0,1.0,0.0,16.282133683333193,2
46,1.0,1.0,0.0,0.0,1.0,0.0,16.634476963148995,2
47,1.0,1.0,0.0,0.0,1.0,1.0,16.892920134513073,2
48,1.0,0.0,0.0,0.0,1.0,1.0,17.056433938720296,2
49,1.0,0.0,0.0,0.0,0.0,1.0,17.601310987633877,2
50,1.0,0.0,0.0,0.0,1.0,1.0,18.01893747495453,2
51,1.0,0.0,0.0,0.0,1.0,0.0,18.249944976394016,2
52,1.0,0.0,0.0,1.0,1.0,0.0,18.609333403848776,2
53,1.0,0.0,0.0,0.0,1.0,0.0,18.614393548105706,2
54,1.0,0.0,0.0,0.0,0.0,0.0,18.728827546384643,2
55,1.0,0.0,1.0,0.0,0.0,0.0,18.87683313616563,2
56,1.0,1.0,1.0,0.0,0.0,0.0,18.908487053891747,2
57,1.0,1.0,1.0,0.0,0.0,1.0,18.96723310551241,2
58,0.0,1.0,1.0,0.0,0.0,1.0,19.02569466076143,2
59,0.0,1.0,1.0,0.0,0.0,0.0,19.14198401366024,2
60,0.0,1.0,1.0,0.0,1.0,0.0,19.26404429976166,2
61,0.0,1.0,1.0,0.0,1.0,1.0,19.35640676504425,2
62,0.0,0.0,1.0,0.0,1.0,1.0,19.679112291395956,2
63,0.0,0.0,1.0,1.0,1.0,1.0,19.719124519441614,2
64,0.0,0.0,1.0,1.0,0.0,1.0,20.043754039329123,2
65,0.0,0.0,1.0,1.0,0.0,0.0,20.125058984635977,2
66,0.0,0.0,0.0,1.0,0.0,0.0,20.189474082826344,2
67,1.0,0.0,0.0,1.0,0.0,0.0,20.48505328662861,2
68,0.0,0.0,0.0,1.0,0.0,0.0,20.822165293709517,2
69,1.0,0.0,0.0,1.0,0.0,0.0,20.89736082580049,2
70,1.0,0.0,0.0,0.0,0.0,0.0,20.923496587428403,2
71,1.0,0.0,0.0,0.0,0.0,1.0,21.673572351772876,2
72,1.0,0.0,1.0,0.0,0.0,1.0,21.798522858383542,2
73,1.0,0.0,1.0,0.0,0.0,0.0,21.96906483981963,2
74,1.0,0.0,1.0,0.0,0.0,1.0,22.115020782798368,2
75,0.0,0.0,1.0,0.0,0.0,1.0,22.59127811001034,2
76,0.0,0.0,1.0,0.0,1.0,1.0,22.879350437501177,2
77,0.0,0.0,1.0,0.0,1.0,0.0,23.53566788795418,2
78,0.0,0.0,1.0,1.0,1.0,0.0,23.674874507205896,2
79,0.0,0.0,1.0,1.0,0.0,0.0,23.8287600129376,2
80,0.0,0.0,1.0,0.0,0.0,0.0,23.844526059091866,2
81,0.0,0.0,1.0,1.0,0.0,0.0,24.069381627725516,2
82,0.0,0.0,1.0,0.0,0.0,0.0,24.503686742766995,2
83,1.0,0.0,1.0,0.0,0.0,0.0,25.052051567165574,2
84,0.0,0.0,1.0,0.0,0.0,0.0,25.349623736899442,2
85,0.0,0.0,1.0,1.0,0.0,0.0,25.864508023385863,2
86,0.0,0.0,1.0,1.0,0.0,1.0,25.902553837457248,2
87,0.0,0.0,1.0,1.0,0.0,0.0,26.51341901732404,2
88,1.0,0.0,1.0,1.0,0.0,0.0,26.58172156463731,2
89,1.0,0.0,0.0,1.0,0.0,0.0,26.584113992547675,2
90,1.0,0.0,0.0,1.0,1.0,0.0,26.76112406836904,2
91,1.0,0.0,0.0,0.0,1.0,0.0,26.929745171530858,2
92,1.0,1.0,0.0,0.0,1.0,0.0,28.04934397331626,2
93,0.0,1.0,0.0,0.0,1.0,0.0,28.313457850797143,2
94,0.0,1.0,0.0,0.0,1.0,1.0,28.479994714123144,2
95,0.0,1.0,1.0,0.0,1.0,1.0,28.947461137426405,2
96,1.0,1.0,1.0,0.0,1.0,1.0,29.207599462363493,2
97,1.0,1.0,0.0,0.0,1.0,1.0,29.408748055804356,2
98,1.0,1.0,0.0,1.0,1.0,1.0,30.279964082753665,2
99,1.0,1.0,1.0,1.0,1.0,1.0,30.77059054905746,2
100,1.0,1.0,1.0,1.0,1.0,0.0,30.807846003799114,2
101,0.0,1.0,1.0,1.0,1.0,0.0,31.539783497679803,2
102,0.0,1.0,1.0,1.0,0.0,0.0,32.11490081979669,2
103,0.0,1.0,1.0,1.0,0.0,1.0,33.26059410933561,2
104,0.0,0.0,1.0,1.0,0.0,1.0,33.70768494661784,2
105,0.0,0.0,1.0,0.0,0.0,1.0,33.741795158975314,2
106,0.0,0.0,0.0,0.0,0.0,1.0,33.922955380288165,2
107,0.0,0.0,0.0,1.0,0.0,1.0,34.02072154255492,2
108,0.0,0.0,0.0,1.0,0.0,0.0,34.09047664860437,2
109,0.0,0.0,0.0,0.0,0.0,0.0,34.53576560059583,2
110,1.0,0.0,0.0,0.0,0.0,0.0,34.84313776422042,2
111,1.0,0.0,0.0,1.0,0.0,0.0,34.85502157800886,2
112,1.0,0.0,1.0,1.0,0.0,0.0,35.28841957850018,2
113,1.0,0.0,1.0,0.0,0.0,0.0,35.696741412886226,2
114,1.0,0.0,1.0,0.0,1.0,0.0,36.208334583753,2
115,1.0,0.0,1.0,0.0,0.0,0.0,36.31504503673926,2
116,0.0,0.0,1.0,0.0,0.0,0.0,36.32924150724483,2
117,0.0,0.0,1.0,0.0,1.0,0.0,36.37822126557357,2
118,0.0,0.0,1.0,1.0,1.0,0.0,36.538902593669086,2
119,0.0,0.0,1.0,1.0,0.0,0.0,36.74491081445481,2
120,1.0,0.0,1.0,1.0,0.0,0.0,36.99072826101138,2
121,1.0,0.0,0.0,1.0,0.0,0.0,37.532490475851375,2
122,1.0,0.0,0.0,1.0,1.0,0.0,37.964909277817654,2
123,1.0,0.0,0.0,1.0,0.0,0.0,38.233763055693935,2
124,1.0,0.0,0.0,1.0,1.0,0.0,38.2840285779274,2
125,1.0,0.0,0.0,0.0,1.0,0.0,38.481750867620484,2
126,0.0,0.0,0.0,0.0,1.0,0.0,39.3123759587472,2
127,0.0,0.0,1.0,0.0,1.0,0.0,39.40006194371998,2
128,0.0,0.0,1.0,1.0,1.0,0.0,39.47097737946547,2
129,0.0,0.0,1.0,1.0,1.0,1.0,39.52712126192533,2
130,0.0,0.0,0.0,1.0,1.0,1.0,39.78953943579577,2
131,0.0,0.0,0.0,1.0,0.0,1.0,39.80115409822177,2
132,0.0,0.0,0.0,1.0,0.0,0.0,39.99329124628263,2
133,0.0,0.0,0.0,0.0,0.0,0.0,40.016205289388836,2
134,0.0,0.0,0.0,0.0,1.0,0.0,40.212529992502674,2
135,1.0,0.0,0.0,0.0,1.0,0.0,40.580940399249826,2
136,1.0,0.0,0.0,1.0,1.0,0.0,40.604010376359504,2
137,0.0,0.0,0.0,1.0,1.0,0.0,41.968567543437565,2
138,0.0,0.0,0.0,0.0,1.0,0.0,42.253122970156205,2
139,0.0,0.0,0.0,0.0,1.0,1.0,42.65697170454384,2
140,0.0,0.0,0.0,1.0,1.0,1.0,42.67827738513599,2
141,0.0,0.0,0.0,1.0,1.0,0.0,43.18252907877486,2
142,0.0,0.0,1.0,1.0,1.0,0.0,43.34818235975291,2
143,0.0,0.0,1.0,1.0,0.0,0.0,43.71620169619323,2
144,0.0,0.0,1.0,1.0,0.0,1.0,43.7770868272774,2
145,0.0,0.0,1.0,0.0,0.0,1.0,44.59976614399695,2
146,0.0,0.0,1.0,0.0,0.0,0.0,45.49548278918833,2
147,0.0,0.0,1.0,1.0,0.0,0.0,45.747480361248876,2
148,0.0,0.0,1.0,1.0,0.0,1.0,46.04193230120189,2
149,0.0,0.0,1.0,0.0,0.0,1.0,46.05988861152571,2
150,0.0,0.0,1.0,0.0,1.0,1.0,46.3526260294303,2
151,0.0,0.0,1.0,0.0,1.0,0.0,46.41238753793519,2
152,1.0,0.0,1.0,0.0,1.0,0.0,46.4550332043168,2
153,1.0,1.0,1.0,0.0,1.0,0.0,47.10570739380303,2
154,1.0,1.0,0.0,0.0,1.0,0.0,47.27260509597441,2
155,0.0,1.0,0.0,0.0,1.0,0.0,47.555645214799775,2
156,0.0,1.0,0.0,0.0,1.0,1.0,47.60423038476815,2
157,1.0,1.0,0.0,0.0,1.0,1.0,48.035185948813144,2
158,1.0,1.0,1.0,0.0,1.0,1.0,48.481110872917505,2
159,0.0,1.0,1.0,0.0,1.0,1.0,48.994897019263256,2
160,0.0,0.0,1.0,0.0,1.0,1.0,49.07336415696016,2
161,0.0,0.0,0.0,0.0,1.0,1.0,49.098495729230095,2
162,0.0,0.0,0.0,1.0,1.0,1.0,49.39718476962358,2
163,0.0,0.0,0.0,0.0,1.0,1.0,49.55823366330007,2
164,0.0,0.0,1.0,0.0,1.0,1.0,50.442386739866855,2
0,1.0,1.0,0.0,0.0,1.0,0.0,0.0,3
1,0.0,1.0,0.0,0.0,1.0,0.0,0.07126927210449491,3
2,0.0,1.0,0.0,0.0,1.0,1.0,0.9537368181367163,3
3,0.0,1.0,0.0,0.0,1.0,0.0,1.1282248242188164,3
4,0.0,1.0,0.0,0.0,1.0,1.0,1.4249020255029374,3
5,0.0,1.0,0.0,1.0,1.0,1.0,1.6583356536900389,3
6,0.0,1.0,0.0,1.0,0.0,1.0,2.8536291251549843,3
7,0.0,1.0,0.0,1.0,0.0,0.0,3.0563002491523528,3
8,0.0,1.0,0.0,1.0,1.0,0.0,3.3626346403806844,3
9,0.0,1.0,0.0,1.0,1.0,1.0,4.060227958708099,3
10,0.0,1.0,1.0,1.0,1.0,1.0,4.602253085921564,3
11,0.0,0.0,1.0,1.0,1.0,1.0,4.782594701337571,3
12,1.0,0.0,1.0,1.0,1.0,1.0,4.787284218922362,3
13,1.0,0.0,1.0,1.0,1.0,0.0,4.987876950316175,3
14,1.0,0.0,1.0,1.0,0.0,0.0,5.040545508505779,3
15,0.0,0.0,1.0,1.0,0.0,0.0,5.462793664446527,3
16,1.0,0.0,1.0,1.0,0.0,0.0,5.606899067047924,3
17,1.0,1.0,1.0,1.0,0.0,0.0,6.139264171826853,3
18,1.0,1.0,1.0,1.0,0.0,1.0,6.390732782391972,3
19,0.0,1.0,1.0,1.0,0.0,1.0,7.712720924334375,3
20,0.0,1.0,1.0,1.0,0.0,0.0,8.62983705437186,3
21,0.0,1.0,1.0,0.0,0.0,0.0,8.892039675902543,3
22,0.0,1.0,1.0,1.0,0.0,0.0,9.616943785310513,3
23,1.0,1.0,1.0,1.0,0.0,0.0,10.070456584232684,3
24,1.0,1.0,1.0,0.0,0.0,0.0,10.593705530893049,3
25,0.0,1.0,1.0,0.0,0.0,0.0,10.80816940588721,3
26,0.0,1.0,0.0,0.0,0.0,0.0,11.366406045281831,3
27,0.0,1.0,1.0,0.0,0.0,0.0,12.748973028379334,3
28,1.0,1.0,1.0,0.0,0.0,0.0,13.275433650391433,3
29,1.0,1.0,0.0,0.0,0.0,0.0,14.194894966671983,3
30,0.0,1.0,0.0,0.0,0.0,0.0,14.234385720867127,3
31,1.0,1.0,0.0,0.0,0.0,0.0,14.376703440559453,3
32,1.0,1.0,0.0,0.0,1.0,0.0,15.247287724578824,3
33,1.0,1.0,0.0,0.0,0.0,0.0,15.83177289310775,3
34,0.0,1.0,0.0,0.0,0.0,0.0,15.957892345965998,3
35,1.0,1.0,0.0,0.0,0.0,0.0,16.173716465003274,3
36,1.0,1.0,0.0,0.0,0.0,1.0,17.0943993357391,3
37,1.0,1.0,0.0,0.0,1.0,1.0,17.10452685488481,3
38,1.0,1.0,0.0,0.0,0.0,1.0,17.19047457392999,3
39,1.0,1.0,0.0,0.0,0.0,0.0,17.47327728416106,3
40,1.0,1.0,0.0,1.0,0.0,0.0,18.036456071471374,3
41,1.0,1.0,1.0,1.0,0.0,0.0,18.56590450055683,3
42,1.0,1.0,1.0,1.0,0.0,1.0,19.998678538935245,3
43,1.0,1.0,1.0,0.0,0.0,1.0,20.5322215609811,3
44,1.0,0.0,1.0,0.0,0.0,1.0,20.820559695578652,3
45,0.0,0.0,1.0,0.0,0.0,1.0,21.100667856344717,3
46,0.0,0.0,1.0,1.0,0.0,1.0,21.461261565047355,3
47,0.0,0.0,1.0,1.0,0.0,0.0,21.611450847508074,3
48,0.0,0.0,0.0,1.0,0.0,0.0,21.946708434157415,3
49,1.0,0.0,0.0,1.0,0.0,0.0,22.08221469800514,3
50,1.0,0.0,0.0,1.0,1.0,0.0,22.406321986308257,3
51,0.0,0.0,0.0,1.0,1.0,0.0,22.801623088637395,3
52,0.0,0.0,0.0,0.0,1.0,0.0,23.014134514526358,3
53,0.0,0.0,0.0,0.0,1.0,1.0,23.363893784191777,3
54,0.0,0.0,0.0,1.0,1.0,1.0,23.49136312072827,3
55,1.0,0.0,0.0,1.0,1.0,1.0,23.909223770107385,3
56,1.0,1.0,0.0,1.0,1.0,1.0,24.164682590495264,3
57,1.0,1.0,0.0,1.0,1.0,0.0,24.26831004807769,3
58,1.0,1.0,0.0,1.0,0.0,0.0,24.35573307346084,3
59,1.0,1.0,0.0,1.0,1.0,0.0,25.00151465793198,3
60,1.0,1.0,0.0,1.0,0.0,0.0,25.60348450895268,3
61,0.0,1.0,0.0,1.0,0.0,0.0,27.46253587073431,3
62,1.0,1.0,0.0,1.0,0.0,0.0,27.837670188742333,3
63,1.0,1.0,0.0,1.0,1.0,0.0,28.497762500426635,3
64,0.0,1.0,0.0,1.0,1.0,0.0,28.73635607106759,3
65,0.0,1.0,1.0,1.0,1.0,0.0,29.260071875660433,3
66,0.0,1.0,1.0,1.0,1.0,1.0,30.160149285023234,3
67,0.0,1.0,1.0,1.0,0.0,1.0,30.616209208853313,3
68,0.0,1.0,1.0,1.0,0.0,0.0,31.33491858404086,3
69,0.0,1.0,1.0,0.0,0.0,0.0,31.81277573183287,3
70,0.0,1.0,0.0,0.0,0.0,0.0,32.446526218165694,3
71,1.0,1.0,0.0,0.0,0.0,0.0,32.59074594898577,3
72,1.0,0.0,0.0,0.0,0.0,0.0,33.07336012906611,3
73,1.0,1.0,0.0,0.0,0.0,0.0,33.08782924465874,3
74,1.0,1.0,0.0,0.0,0.0,1.0,33.57031658535781,3
75,1.0,1.0,0.0,1.0,0.0,1.0,34.55427145383779,3
76,1.0,1.0,0.0,0.0,0.0,1.0,34.83465934971084,3
77,1.0,1.0,0.0,0.0,1.0,1.0,35.12885907370688,3
78,1.0,1.0,0.0,0.0,1.0,0.0,35.35306682348374,3
79,1.0,1.0,0.0,0.0,1.0,1.0,35.47929069978039,3
80,1.0,1.0,1.0,0.0,1.0,1.0,35.73382886676235,3
81,1.0,1.0,1.0,0.0,0.0,1.0,35.89616545170805,3
82,1.0,1.0,0.0,0.0,0.0,1.0,36.069777718562854,3
83,1.0,1.0,0.0,0.0,0.0,0.0,36.24346534402285,3
84,1.0,1.0,0.0,0.0,0.0,1.0,36.33987253568209,3
85,1.0,1.0,1.0,0.0,0.0,1.0,36.403457948205855,3
86,0.0,1.0,1.0,0.0,0.0,1.0,36.54059457985162,3
87,0.0,1.0,0.0,0.0,0.0,1.0,36.7255682026276,3
88,0.0,1.0,0.0,0.0,1.0,1.0,37.15025150448457,3
89,0.0,1.0,0.0,0.0,0.0,1.0,37.594040301703465,3
90,1.0,1.0,0.0,0.0,0.0,1.0,37.64828004329891,3
91,0.0,1.0,0.0,0.0,0.0,1.0,37.654578744682595,3
92,0.0,1.0,0.0,0.0,0.0,0.0,38.29486803481639,3
93,0.0,1.0,0.0,0.0,1.0,0.0,38.326339621497574,3
94,0.0,0.0,0.0,0.0,1.0,0.0,38.718285584153186,3
95,0.0,1.0,0.0,0.0,1.0,0.0,40.07871849256497,3
96,0.0,1.0,0.0,0.0,1.0,1.0,40.899561613712294,3
97,1.0,1.0,0.0,0.0,1.0,1.0,40.974109486684455,3
98,1.0,1.0,1.0,0.0,1.0,1.0,41.04733763979591,3
99,1.0,1.0,1.0,0.0,0.0,1.0,41.265047916766214,3
100,1.0,1.0,1.0,0.0,0.0,0.0,41.36657275134321,3
101,1.0,0.0,1.0,0.0,0.0,0.0,41.6628267274756,3
102,1.0,0.0,1.0,0.0,0.0,1.0,41.9793961644642,3
103,1.0,0.0,1.0,0.0,0.0,0.0,42.18162296917805,3
104,1.0,1.0,1.0,0.0,0.0,0.0,42.702152052043935,3
105,0.0,1.0,1.0,0.0,0.0,0.0,42.876135758540705,3
106,0.0,1.0,0.0,0.0,0.0,0.0,43.35802889763827,3
107,0.0,1.0,0.0,0.0,1.0,0.0,43.880334371452484,3
108,0.0,1.0,0.0,0.0,1.0,1.0,44.11393512159686,3
109,1.0,1.0,0.0,0.0,1.0,1.0,44.1808441115887,3
110,1.0,1.0,0.0,0.0,0.0,1.0,44.18563425841353,3
111,1.0,1.0,0.0,1.0,0.0,1.0,44.389998711131646,3
112,1.0,1.0,0.0,0.0,0.0,1.0,44.624559520030346,3
113,1.0,1.0,0.0,0.0,0.0,0.0,44.72168345455431,3
114,0.0,1.0,0.0,0.0,0.0,0.0,45.05793631517211,3
115,0.0,0.0,0.0,0.0,0.0,0.0,45.16880034280997,3
116,0.0,0.0,0.0,0.0,1.0,0.0,45.99718818367827,3
117,0.0,0.0,0.0,1.0,1.0,0.0,46.779986131556704,3
118,0.0,0.0,0.0,0.0,1.0,0.0,46.8600840930649,3
119,1.0,0.0,0.0,0.0,1.0,0.0,46.9713430644254,3
120,1.0,0.0,1.0,0.0,1.0,0.0,47.28804142633224,3
121,1.0,0.0,1.0,0.0,0.0,0.0,48.00789945475928,3
122,0.0,0.0,1.0,0.0,0.0,0.0,48.56228907085722,3
123,0.0,0.0,1.0,1.0,0.0,0.0,48.7782753931978,3
124,0.0,0.0,1.0,0.0,0.0,0.0,49.14500806195061,3
125,0.0,0.0,1.0,1.0,0.0,0.0,49.16142462164328,3
126,0.0,0.0,0.0,1.0,0.0,0.0,50.05156607937499,3
0,1.0,0.0,1.0,0.0,1.0,0.0,0.0,4
1,1.0,1.0,1.0,0.0,1.0,0.0,0.03302576805720093,4
2,1.0,1.0,1.0,0.0,0.0,0.0,0.35645839470485013,4
3,1.0,1.0,0.0,0.0,0.0,0.0,1.9107743870073943,4
4,1.0,1.0,0.0,0.0,0.0,1.0,2.054317185539506,4
5,1.0,1.0,0.0,0.0,1.0,1.0,2.4078559724343758,4
6,1.0,1.0,0.0,0.0,1.0,0.0,2.7025860668264214,4
7,0.0,1.0,0.0,0.0,1.0,0.0,2.809365802902961,4
8,0.0,1.0,1.0,0.0,1.0,0.0,2.9405646686225877,4
9,0.0,1.0,1.0,0.0,0.0,0.0,3.0251933717389963,4
10,0.0,0.0,1.0,0.0,0.0,0.0,3.641965661100707,4
11,0.0,0.0,1.0,1.0,0.0,0.0,3.6978740408885877,4
12,1.0,0.0,1.0,1.0,0.0,0.0,3.7163884881092546,4
13,1.0,0.0,1.0,0.0,0.0,0.0,4.280928011460904,4
14,1.0,0.0,0.0,0.0,0.0,0.0,4.469111412616734,4
15,0.0,0.0,0.0,0.0,0.0,0.0,4.7214669348474585,4
16,1.0,0.0,0.0,0.0,0.0,0.0,5.122124702674617,4
17,1.0,0.0,0.0,1.0,0.0,0.0,5.7944999348994575,4
18,1.0,0.0,0.0,1.0,0.0,1.0,5.867150816951341,4
19,0.0,0.0,0.0,1.0,0.0,1.0,6.582370268886252,4
20,0.0,0.0,0.0,0.0,0.0,1.0,6.766240846482071,4
21,0.0,0.0,1.0,0.0,0.0,1.0,6.8847054107676255,4
22,0.0,0.0,0.0,0.0,0.0,1.0,7.001090099584268,4
23,0.0,0.0,0.0,0.0,1.0,1.0,7.573562285074107,4
24,0.0,0.0,0.0,0.0,0.0,1.0,7.884973819693195,4
25,0.0,1.0,0.0,0.0,0.0,1.0,8.16085428024151,4
26,0.0,1.0,0.0,0.0,1.0,1.0,9.396908679012249,4
27,0.0,1.0,0.0,0.0,1.0,0.0,9.618521015247952,4
28,1.0,1.0,0.0,0.0,1.0,0.0,10.481886445300766,4
29,1.0,1.0,1.0,0.0,1.0,0.0,10.58861057638126,4
30,1.0,1.0,1.0,0.0,0.0,0.0,10.655748462049388,4
31,1.0,1.0,1.0,0.0,0.0,1.0,10.706586698982695,4
32,1.0,1.0,0.0,0.0,0.0,1.0,10.85592637171478,4
33,1.0,1.0,1.0,0.0,0.0,1.0,11.181507400235045,4
34,1.0,1.0,1.0,0.0,0.0,0.0,11.63613928517307,4
35,1.0,1.0,1.0,0.0,0.0,1.0,11.820047107690261,4
36,1.0,1.0,1.0,0.0,1.0,1.0,11.82193255207606,4
37,1.0,1.0,1.0,0.0,0.0,1.0,12.046354489668259,4
38,1.0,1.0,1.0,1.0,0.0,1.0,12.846092832869044,4
39,1.0,1.0,1.0,0.0,0.0,1.0,13.033694906243403,4
40,1.0,1.0,1.0,0.0,0.0,0.0,13.378594193475498,4
41,1.0,0.0,1.0,0.0,0.0,0.0,13.5756234670739,4
42,1.0,0.0,1.0,1.0,0.0,0.0,13.58468538480106,4
43,1.0,0.0,0.0,1.0,0.0,0.0,13.814608455536131,4
44,1.0,1.0,0.0,1.0,0.0,0.0,14.517514513301236,4
45,0.0,1.0,0.0,1.0,0.0,0.0,14.527822116615186,4
46,0.0,1.0,0.0,1.0,0.0,1.0,14.708386329978056,4
47,0.0,1.0,0.0,1.0,0.0,0.0,14.895946292309272,4
48,0.0,1.0,0.0,0.0,0.0,0.0,15.620337904263778,4
49,1.0,1.0,0.0,0.0,0.0,0.0,15.737252176084635,4
50,1.0,1.0,0.0,0.0,1.0,0.0,15.946481120695934,4
51,1.0,1.0,0.0,0.0,0.0,0.0,17.15405790304636,4
52,1.0,1.0,0.0,0.0,0.0,1.0,19.164336934432008,4
53,1.0,1.0,1.0,0.0,0.0,1.0,20.060953970266336,4
54,0.0,1.0,1.0,0.0,0.0,1.0,20.345544536932177,4
55,0.0,1.0,1.0,0.0,0.0,0.0,20.541682789672226,4
56,0.0,1.0,1.0,0.0,0.0,1.0,20.6919751630281,4
57,0.0,1.0,1.0,0.0,0.0,0.0,20.99264865110273,4
58,0.0,1.0,1.0,0.0,0.0,1.0,21.864362165694786,4
59,0.0,0.0,1.0,0.0,0.0,1.0,22.195652443997897,4
60,0.0,0.0,1.0,1.0,0.0,1.0,22.610842763223634,4
61,0.0,0.0,0.0,1.0,0.0,1.0,22.619282186643865,4
62,1.0,0.0,0.0,1.0,0.0,1.0,22.657157708690946,4
63,1.0,1.0,0.0,1.0,0.0,1.0,22.69159622672433,4
64,1.0,0.0,0.0,1.0,0.0,1.0,22.773474430813287,4
65,1.0,0.0,0.0,0.0,0.0,1.0,23.450417035559276,4
66,1.0,0.0,1.0,0.0,0.0,1.0,23.4666076990302,4
67,1.0,0.0,1.0,1.0,0.0,1.0,23.48933383322229,4
68,1.0,0.0,1.0,1.0,1.0,1.0,23.583072730578237,4
69,1.0,0.0,0.0,1.0,1.0,1.0,23.61630586162395,4
70,1.0,0.0,0.0,0.0,1.0,1.0,23.76203879325355,4
71,1.0,0.0,0.0,1.0,1.0,1.0,24.43178254681486,4
72,1.0,0.0,0.0,0.0,1.0,1.0,25.057775552666207,4
73,1.0,0.0,0.0,0.0,0.0,1.0,25.247979508655586,4
74,1.0,0.0,0.0,1.0,0.0,1.0,25.307874723591787,4
75,0.0,0.0,0.0,1.0,0.0,1.0,25.42029138997124,4
76,0.0,0.0,1.0,1.0,0.0,1.0,25.522964599115824,4
77,0.0,0.0,0.0,1.0,0.0,1.0,25.53685075108363,4
78,0.0,0.0,0.0,0.0,0.0,1.0,26.141290728704007,4
79,0.0,0.0,0.0,0.0,1.0,1.0,26.20618714066698,4
80,0.0,0.0,0.0,1.0,1.0,1.0,26.409577198894997,4
81,0.0,0.0,1.0,1.0,1.0,1.0,26.666850742890094,4
82,0.0,0.0,1.0,0.0,1.0,1.0,26.963198024314583,4
83,0.0,0.0,1.0,1.0,1.0,1.0,27.467292117720262,4
84,0.0,0.0,1.0,1.0,0.0,1.0,27.95324739449804,4
85,0.0,0.0,1.0,1.0,0.0,0.0,27.97321726735999,4
86,0.0,0.0,1.0,0.0,0.0,0.0,28.34283806873989,4
87,0.0,0.0,0.0,0.0,0.0,0.0,28.71755355343168,4
88,0.0,0.0,0.0,1.0,0.0,0.0,28.756883704936186,4
89,1.0,0.0,0.0,1.0,0.0,0.0,28.75818218974151,4
90,1.0,0.0,0.0,1.0,1.0,0.0,28.776838392587734,4
91,1.0,1.0,0.0,1.0,1.0,0.0,29.690297556235155,4
92,1.0,1.0,0.0,1.0,0.0,0.0,29.90779667973178,4
93,1.0,1.0,0.0,1.0,0.0,1.0,29.946438216083262,4
94,1.0,1.0,0.0,1.0,0.0,0.0,30.17265483313988,4
95,1.0,0.0,0.0,1.0,0.0,0.0,30.429912165372702,4
96,1.0,0.0,0.0,1.0,0.0,1.0,30.61631404649349,4
97,0.0,0.0,0.0,1.0,0.0,1.0,31.22283245897694,4
98,0.0,0.0,0.0,0.0,0.0,1.0,31.277001733582985,4
99,1.0,0.0,0.0,0.0,0.0,1.0,31.35986714466791,4
100,1.0,0.0,0.0,0.0,1.0,1.0,31.370147197318637,4
101,1.0,0.0,0.0,0.0,0.0,1.0,31.50690371868964,4
102,1.0,0.0,0.0,0.0,1.0,1.0,32.60582825916956,4
103,1.0,0.0,0.0,0.0,1.0,0.0,32.669310292833536,4
104,0.0,0.0,0.0,0.0,1.0,0.0,33.35177770736028,4
105,0.0,0.0,0.0,0.0,0.0,0.0,33.40976810081248,4
106,0.0,0.0,1.0,0.0,0.0,0.0,33.9755868652272,4
107,1.0,0.0,1.0,0.0,0.0,0.0,34.442084856551794,4
108,1.0,0.0,1.0,0.0,0.0,1.0,34.517103716557415,4
109,1.0,0.0,1.0,1.0,0.0,1.0,34.60519566840638,4
110,1.0,0.0,1.0,1.0,0.0,0.0,35.02646510104622,4
111,1.0,0.0,1.0,0.0,0.0,0.0,35.29601569616745,4
112,1.0,1.0,1.0,0.0,0.0,0.0,35.3218365304446,4
113,1.0,1.0,1.0,1.0,0.0,0.0,35.443581426155646,4
114,1.0,1.0,1.0,1.0,0.0,1.0,35.575134406095344,4
115,0.0,1.0,1.0,1.0,0.0,1.0,35.588623882375565,4
116,1.0,1.0,1.0,1.0,0.0,1.0,36.11853957407934,4
117,1.0,1.0,1.0,1.0,0.0,0.0,36.359641370314755,4
118,1.0,1.0,1.0,1.0,1.0,0.0,36.68238249607015,4
119,1.0,1.0,1.0,1.0,0.0,0.0,36.72249291478018,4
120,1.0,1.0,1.0,1.0,0.0,1.0,36.945163974436745,4
121,1.0,1.0,0.0,1.0,0.0,1.0,37.97795545201047,4
122,0.0,1.0,0.0,1.0,0.0,1.0,38.00879817498125,4
123,0.0,1.0,0.0,1.0,1.0,1.0,38.3031369003526,4
124,0.0,1.0,0.0,1.0,0.0,1.0,39.05719172590992,4
125,0.0,1.0,0.0,1.0,1.0,1.0,39.90237638339737,4
126,0.0,0.0,0.0,1.0,1.0,1.0,39.97184526664811,4
127,1.0,0.0,0.0,1.0,1.0,1.0,40.19274005346809,4
128,1.0,0.0,0.0,0.0,1.0,1.0,40.75014909717753,4
129,1.0,1.0,0.0,0.0,1.0,1.0,41.36703287428305,4
130,1.0,1.0,0.0,0.0,0.0,1.0,41.44186767048906,4
131,1.0,1.0,0.0,0.0,0.0,0.0,41.53273911194254,4
132,0.0,1.0,0.0,0.0,0.0,0.0,41.608439779568144,4
133,1.0,1.0,0.0,0.0,0.0,0.0,41.73347047542454,4
134,1.0,1.0,0.0,0.0,1.0,0.0,41.78075548705009,4
135,1.0,1.0,0.0,0.0,0.0,0.0,42.46604146433234,4
136,1.0,1.0,0.0,0.0,1.0,0.0,42.53099160148311,4
137,0.0,1.0,0.0,0.0,1.0,0.0,42.886553552697144,4
138,0.0,1.0,1.0,0.0,1.0,0.0,43.401720119726576,4
139,0.0,1.0,0.0,0.0,1.0,0.0,43.74526590495529,4
140,0.0,1.0,1.0,0.0,1.0,0.0,44.48918474299765,4
141,0.0,1.0,0.0,0.0,1.0,0.0,44.84052038013476,4
142,0.0,1.0,0.0,0.0,0.0,0.0,46.683970187691834,4
143,0.0,1.0,0.0,1.0,0.0,0.0,47.05707933038574,4
144,1.0,1.0,0.0,1.0,0.0,0.0,47.29080031889119,4
145,1.0,1.0,0.0,0.0,0.0,0.0,47.6303771768888,4
146,1.0,1.0,1.0,0.0,0.0,0.0,47.85249673448459,4
147,1.0,1.0,1.0,1.0,0.0,0.0,48.11232801094796,4
148,1.0,1.0,0.0,1.0,0.0,0.0,48.28271382394162,4
149,0.0,1.0,0.0,1.0,0.0,0.0,48.38263087829372,4
150,0.0,1.0,0.0,1.0,1.0,0.0,48.667169364739934,4
151,0.0,1.0,1.0,1.0,1.0,0.0,49.15771752320163,4
152,0.0,1.0,1.0,1.0,0.0,0.0,49.56466454321384,4
153,1.0,1.0,1.0,1.0,0.0,0.0,49.69002448994997,4
154,1.0,1.0,1.0,0.0,0.0,0.0,50.422255027560446,4
0,0.0,0.0,0.0,0.0,0.0,0.0,0.0,5
1,0.0,0.0,0.0,0.0,0.0,1.0,0.09364004183061514,5
2,0.0,0.0,0.0,0.0,1.0,1.0,0.20215863941867612,5
3,0.0,0.0,0.0,1.0,1.0,1.0,0.920029535199856,5
4,0.0,0.0,1.0,1.0,1.0,1.0,1.2988835802056868,5
5,1.0,0.0,1.0,1.0,1.0,1.0,1.846714806730144,5
6,1.0,0.0,1.0,1.0,1.0,0.0,1.9762412514617427,5
7,1.0,0.0,1.0,0.0,1.0,0.0,2.0821329608690493,5
8,1.0,0.0,1.0,0.0,1.0,1.0,2.20211037453669,5
9,1.0,0.0,1.0,0.0,1.0,0.0,2.328035301567555,5
10,1.0,0.0,0.0,0.0,1.0,0.0,3.028593558927068,5
11,0.0,0.0,0.0,0.0,1.0,0.0,3.390518878706788,5
12,1.0,0.0,0.0,0.0,1.0,0.0,3.7119187375191114,5
13,1.0,1.0,0.0,0.0,1.0,0.0,3.729561281564353,5
14,0.0,1.0,0.0,0.0,1.0,0.0,4.255303013586309,5
15,1.0,1.0,0.0,0.0,1.0,0.0,4.386116659733422,5
16,1.0,0.0,0.0,0.0,1.0,0.0,4.600494425328048,5
17,1.0,0.0,1.0,0.0,1.0,0.0,4.9966627168514215,5
18,1.0,0.0,1.0,0.0,1.0,1.0,5.076500994668019,5
19,1.0,0.0,1.0,0.0,1.0,0.0,6.255841802381326,5
20,1.0,0.0,1.0,0.0,0.0,0.0,6.397015442003192,5
21,1.0,0.0,1.0,1.0,0.0,0.0,7.119850699546685,5
22,1.0,0.0,1.0,1.0,0.0,1.0,7.235764408247232,5
23,1.0,1.0,1.0,1.0,0.0,1.0,7.623753501975107,5
24,1.0,1.0,1.0,1.0,0.0,0.0,8.971652051101742,5
25,1.0,1.0,1.0,1.0,0.0,1.0,9.014942455453145,5
26,1.0,1.0,0.0,1.0,0.0,1.0,9.095686697165721,5
27,0.0,1.0,0.0,1.0,0.0,1.0,9.441288082714092,5
28,0.0,1.0,1.0,1.0,0.0,1.0,9.525282937791452,5
29,0.0,1.0,1.0,1.0,0.0,0.0,9.650561307195328,5
30,0.0,1.0,1.0,1.0,0.0,1.0,10.28938724043977,5
31,1.0,1.0,1.0,1.0,0.0,1.0,10.299172419086808,5
32,1.0,1.0,1.0,1.0,0.0,0.0,10.339134771070773,5
33,1.0,1.0,1.0,0.0,0.0,0.0,11.318791864622668,5
34,1.0,0.0,1.0,0.0,0.0,0.0,11.817123613646183,5
35,1.0,0.0,1.0,0.0,0.0,1.0,12.407271243998723,5
36,1.0,1.0,1.0,0.0,0.0,1.0,12.433975361598842,5
37,0.0,1.0,1.0,0.0,0.0,1.0,13.403147402410127,5
38,0.0,1.0,0.0,0.0,0.0,1.0,13.419283566110952,5
39,0.0,0.0,0.0,0.0,0.0,1.0,14.400211880368703,5
40,0.0,0.0,0.0,0.0,1.0,1.0,14.57304921862933,5
41,0.0,0.0,1.0,0.0,1.0,1.0,14.981400237532489,5
42,0.0,0.0,1.0,0.0,0.0,1.0,15.69766593500879,5
43,0.0,0.0,1.0,0.0,0.0,0.0,15.909217560248234,5
44,0.0,0.0,1.0,0.0,0.0,1.0,16.16761380700034,5
45,0.0,0.0,1.0,0.0,0.0,0.0,17.346242767515406,5
46,0.0,0.0,1.0,1.0,0.0,0.0,18.073274187298377,5
47,1.0,0.0,1.0,1.0,0.0,0.0,19.24897406846138,5
48,0.0,0.0,1.0,1.0,0.0,0.0,19.410068469998887,5
49,0.0,0.0,1.0,1.0,0.0,1.0,19.87284664509219,5
50,0.0,0.0,1.0,1.0,0.0,0.0,20.053340666706127,5
51,1.0,0.0,1.0,1.0,0.0,0.0,20.18323083814787,5
52,1.0,0.0,0.0,1.0,0.0,0.0,20.56319058467815,5
53,1.0,0.0,1.0,1.0,0.0,0.0,20.606901483873326,5
54,1.0,0.0,1.0,1.0,0.0,1.0,20.68920752519949,5
55,1.0,0.0,1.0,1.0,0.0,0.0,21.091583891591274,5
56,1.0,0.0,1.0,0.0,0.0,0.0,21.325448359408856,5
57,1.0,0.0,0.0,0.0,0.0,0.0,22.347080304882677,5
58,1.0,0.0,0.0,0.0,0.0,1.0,22.882539017231586,5
59,1.0,1.0,0.0,0.0,0.0,1.0,22.9971706999259,5
60,1.0,1.0,0.0,0.0,1.0,1.0,23.293249236827428,5
61,1.0,1.0,0.0,0.0,0.0,1.0,23.40665501451647,5
62,1.0,1.0,0.0,0.0,0.0,0.0,23.606049897563757,5
63,1.0,1.0,0.0,0.0,0.0,1.0,23.61020641797762,5
64,1.0,1.0,1.0,0.0,0.0,1.0,23.67740827409696,5
65,0.0,1.0,1.0,0.0,0.0,1.0,23.749257153501265,5
66,1.0,1.0,1.0,0.0,0.0,1.0,23.839740341752666,5
67,1.0,1.0,1.0,0.0,0.0,0.0,24.333378097691533,5
68,1.0,1.0,1.0,0.0,0.0,1.0,24.65288415322115,5
69,1.0,1.0,0.0,0.0,0.0,1.0,24.694583124351954,5
70,1.0,1.0,0.0,0.0,0.0,0.0,24.90393448226774,5
71,1.0,1.0,0.0,0.0,1.0,0.0,25.146203099230004,5
72,1.0,1.0,1.0,0.0,1.0,0.0,26.477933571079753,5
73,1.0,1.0,1.0,0.0,1.0,1.0,26.58586025758971,5
74,1.0,1.0,0.0,0.0,1.0,1.0,27.086444437056226,5
75,1.0,1.0,0.0,0.0,0.0,1.0,27.097266537781792,5
76,1.0,1.0,0.0,0.0,1.0,1.0,27.10948759089138,5
77,1.0,1.0,0.0,0.0,0.0,1.0,27.482517374110046,5
78,1.0,1.0,0.0,0.0,0.0,0.0,28.235891686835593,5
79,1.0,1.0,0.0,0.0,1.0,0.0,28.322221185693046,5
80,1.0,1.0,0.0,0.0,0.0,0.0,28.33406847156507,5
81,1.0,1.0,0.0,0.0,1.0,0.0,30.084729339331197,5
82,1.0,1.0,0.0,0.0,1.0,1.0,30.180760590523747,5
83,1.0,0.0,0.0,0.0,1.0,1.0,30.554983397691167,5
84,1.0,0.0,0.0,0.0,1.0,0.0,30.716364507674754,5
85,1.0,0.0,0.0,1.0,1.0,0.0,32.038825905056896,5
86,1.0,0.0,0.0,1.0,0.0,0.0,32.05207538864971,5
87,1.0,1.0,0.0,1.0,0.0,0.0,32.079364687718694,5
88,1.0,1.0,0.0,1.0,0.0,1.0,33.22846532871593,5
89,1.0,1.0,0.0,1.0,0.0,0.0,33.32694630320138,5
90,1.0,1.0,0.0,1.0,1.0,0.0,33.98097203793956,5
91,1.0,1.0,0.0,1.0,0.0,0.0,35.01446290555657,5
92,1.0,1.0,0.0,1.0,0.0,1.0,35.09458917092456,5
93,0.0,1.0,0.0,1.0,0.0,1.0,35.31524142576581,5
94,1.0,1.0,0.0,1.0,0.0,1.0,36.11132845175901,5
95,0.0,1.0,0.0,1.0,0.0,1.0,36.60610936926559,5
96,1.0,1.0,0.0,1.0,0.0,1.0,36.823171024436576,5
97,1.0,1.0,0.0,1.0,0.0,0.0,36.90734775534761,5
98,1.0,1.0,1.0,1.0,0.0,0.0,36.981073450612215,5
99,1.0,1.0,1.0,1.0,0.0,1.0,37.14020751178603,5
100,1.0,1.0,1.0,0.0,0.0,1.0,37.21573030929003,5
101,1.0,1.0,0.0,0.0,0.0,1.0,37.35452594410918,5
102,0.0,1.0,0.0,0.0,0.0,1.0,37.86406702102929,5
103,0.0,1.0,0.0,0.0,0.0,0.0,37.87983952959364,5
104,1.0,1.0,0.0,0.0,0.0,0.0,37.91952710054115,5
105,1.0,1.0,1.0,0.0,0.0,0.0,38.40675068171344,5
106,1.0,1.0,1.0,1.0,0.0,0.0,38.508155300960624,5
107,1.0,0.0,1.0,1.0,0.0,0.0,38.69247847249717,5
108,1.0,0.0,1.0,0.0,0.0,0.0,38.847683341887475,5
109,1.0,0.0,1.0,0.0,0.0,1.0,39.06929031720101,5
110,1.0,1.0,1.0,0.0,0.0,1.0,39.374090966249014,5
111,1.0,0.0,1.0,0.0,0.0,1.0,39.63538260498769,5
112,1.0,0.0,1.0,1.0,0.0,1.0,40.05878385698314,5
113,1.0,0.0,1.0,1.0,0.0,0.0,40.65313128683599,5
114,1.0,0.0,0.0,1.0,0.0,0.0,40.75023566238966,5
115,1.0,0.0,0.0,0.0,0.0,0.0,41.112285613853324,5
116,1.0,0.0,0.0,0.0,1.0,0.0,41.184317877938376,5
117,1.0,0.0,0.0,1.0,1.0,0.0,41.28063482949284,5
118,1.0,0.0,0.0,1.0,0.0,0.0,41.29375330116129,5
119,1.0,0.0,0.0,0.0,0.0,0.0,41.457565860579585,5
120,1.0,0.0,0.0,0.0,1.0,0.0,41.78266389465923,5
121,1.0,0.0,0.0,0.0,0.0,0.0,42.11317338815825,5
122,0.0,0.0,0.0,0.0,0.0,0.0,42.99975928714662,5
123,0.0,0.0,0.0,1.0,0.0,0.0,43.09370080001503,5
124,0.0,0.0,0.0,0.0,0.0,0.0,43.12635244238679,5
125,0.0,0.0,0.0,0.0,0.0,1.0,43.24040547133507,5
126,1.0,0.0,0.0,0.0,0.0,1.0,43.69941267035907,5
127,0.0,0.0,0.0,0.0,0.0,1.0,43.70202564785564,5
128,0.0,0.0,0.0,1.0,0.0,1.0,43.86860184173392,5
129,0.0,0.0,0.0,1.0,1.0,1.0,43.97572964276519,5
130,0.0,0.0,1.0,1.0,1.0,1.0,45.21725273127242,5
131,0.0,1.0,1.0,1.0,1.0,1.0,45.57088228453098,5
132,0.0,1.0,1.0,1.0,1.0,0.0,46.14154222793999,5
133,0.0,1.0,0.0,1.0,1.0,0.0,46.15155578847828,5
134,0.0,1.0,1.0,1.0,1.0,0.0,46.24224334730503,5
135,0.0,1.0,1.0,1.0,1.0,1.0,46.27988074349259,5
136,0.0,1.0,1.0,1.0,0.0,1.0,46.764938483761064,5
137,1.0,1.0,1.0,1.0,0.0,1.0,47.383131279587076,5
138,1.0,1.0,1.0,1.0,1.0,1.0,47.39122325340812,5
139,1.0,1.0,1.0,0.0,1.0,1.0,47.397611589061384,5
140,1.0,1.0,1.0,0.0,1.0,0.0,47.63088873627538,5
141,1.0,1.0,1.0,0.0,0.0,0.0,47.82591092364842,5
142,1.0,0.0,1.0,0.0,0.0,0.0,48.20058637939899,5
143,1.0,0.0,0.0,0.0,0.0,0.0,48.29098717146046,5
144,1.0,0.0,0.0,1.0,0.0,0.0,48.307485675668694,5
145,1.0,0.0,0.0,1.0,1.0,0.0,48.85594172151056,5
146,1.0,1.0,0.0,1.0,1.0,0.0,48.96614078785819,5
147,0.0,1.0,0.0,1.0,1.0,0.0,49.79292503530009,5
148,0.0,1.0,0.0,1.0,0.0,0.0,50.18974965284759,5
0,1.0,1.0,1.0,0.0,0.0,1.0,0.0,6
1,1.0,1.0,1.0,0.0,1.0,1.0,0.01706037704306621,6
2,1.0,1.0,1.0,0.0,0.0,1.0,1.1315734653608596,6
3,0.0,1.0,1.0,0.0,0.0,1.0,1.2910555893961915,6
4,0.0,1.0,1.0,1.0,0.0,1.0,1.455327231312479,6
5,0.0,0.0,1.0,1.0,0.0,1.0,1.6581257408417087,6
6,0.0,0.0,1.0,0.0,0.0,1.0,2.0593899336939563,6
7,0.0,0.0,0.0,0.0,0.0,1.0,2.7747592537216894,6
8,0.0,0.0,0.0,0.0,1.0,1.0,2.7983407886606746,6
9,0.0,0.0,0.0,0.0,0.0,1.0,2.8592513242644393,6
10,0.0,0.0,0.0,1.0,0.0,1.0,3.193115584764469,6
11,0.0,0.0,0.0,1.0,1.0,1.0,3.61457503763967,6
12,0.0,0.0,0.0,0.0,1.0,1.0,4.215609637953853,6
13,0.0,0.0,0.0,1.0,1.0,1.0,5.011734523133589,6
14,0.0,0.0,0.0,0.0,1.0,1.0,5.349836306677307,6
15,1.0,0.0,0.0,0.0,1.0,1.0,5.616238628565163,6
16,1.0,0.0,0.0,1.0,1.0,1.0,6.511804541535582,6
17,1.0,0.0,1.0,1.0,1.0,1.0,6.713670135396633,6
18,1.0,1.0,1.0,1.0,1.0,1.0,6.828512849580293,6
19,1.0,1.0,1.0,1.0,1.0,0.0,7.246496000632625,6
20,1.0,1.0,1.0,1.0,1.0,1.0,7.623150975783238,6
21,0.0,1.0,1.0,1.0,1.0,1.0,7.781142561972164,6
22,0.0,1.0,0.0,1.0,1.0,1.0,7.839696340499591,6
23,0.0,1.0,0.0,1.0,0.0,1.0,7.903787808747023,6
24,0.0,1.0,1.0,1.0,0.0,1.0,7.949852394547553,6
25,0.0,0.0,1.0,1.0,0.0,1.0,8.117125013454896,6
26,0.0,0.0,1.0,0.0,0.0,1.0,8.43713181442845,6
27,0.0,0.0,0.0,0.0,0.0,1.0,8.544846798713861,6
28,0.0,0.0,0.0,0.0,1.0,1.0,9.121339871857861,6
29,0.0,0.0,0.0,0.0,1.0,0.0,9.777249879706359,6
30,0.0,0.0,0.0,1.0,1.0,0.0,10.106348540850522,6
31,0.0,0.0,0.0,0.0,1.0,0.0,10.329443574577958,6
32,0.0,0.0,1.0,0.0,1.0,0.0,10.815611936222965,6
33,0.0,0.0,1.0,0.0,1.0,1.0,10.901798966638381,6
34,0.0,0.0,1.0,0.0,0.0,1.0,11.235154095840633,6
35,0.0,0.0,1.0,0.0,0.0,0.0,12.479995033165814,6
36,1.0,0.0,1.0,0.0,0.0,0.0,12.781290796041684,6
37,1.0,0.0,0.0,0.0,0.0,0.0,12.993022318772535,6
38,1.0,0.0,0.0,0.0,1.0,0.0,13.582529245326889,6
39,1.0,1.0,0.0,0.0,1.0,0.0,13.605615089890676,6
40,1.0,1.0,0.0,1.0,1.0,0.0,13.701203521122551,6
41,1.0,1.0,1.0,1.0,1.0,0.0,14.682345502402095,6
42,1.0,1.0,1.0,0.0,1.0,0.0,14.934870251758932,6
43,1.0,0.0,1.0,0.0,1.0,0.0,15.30461940178667,6
44,1.0,0.0,1.0,1.0,1.0,0.0,16.132617371835437,6
45,1.0,0.0,1.0,1.0,0.0,0.0,16.385074096809173,6
46,1.0,0.0,1.0,1.0,0.0,1.0,16.67871248194882,6
47,1.0,0.0,1.0,0.0,0.0,1.0,16.710849347694065,6
48,1.0,0.0,1.0,0.0,0.0,0.0,16.757435223831866,6
49,1.0,0.0,0.0,0.0,0.0,0.0,17.02643401588783,6
50,1.0,0.0,0.0,0.0,1.0,0.0,17.2682342710304,6
51,1.0,0.0,0.0,1.0,1.0,0.0,17.486053583151687,6
52,1.0,0.0,0.0,1.0,1.0,1.0,18.029553637132885,6
53,1.0,1.0,0.0,1.0,1.0,1.0,18.22212365021713,6
54,0.0,1.0,0.0,1.0,1.0,1.0,18.536997090799865,6
55,0.0,1.0,0.0,1.0,1.0,0.0,18.770511501177104,6
56,0.0,1.0,0.0,1.0,0.0,0.0,18.949962935188196,6
57,1.0,1.0,0.0,1.0,0.0,0.0,18.951969021584524,6
58,1.0,1.0,0.0,0.0,0.0,0.0,19.137500493231315,6
59,1.0,1.0,0.0,0.0,1.0,0.0,19.96147484779085,6
60,1.0,1.0,0.0,0.0,0.0,0.0,20.268894405687085,6
61,1.0,1.0,1.0,0.0,0.0,0.0,20.362478277213633,6
62,1.0,1.0,1.0,1.0,0.0,0.0,20.452989344251424,6
63,1.0,1.0,0.0,1.0,0.0,0.0,21.444981009512134,6
64,1.0,1.0,0.0,0.0,0.0,0.0,21.532074624242615,6
65,1.0,1.0,0.0,0.0,1.0,0.0,22.291528629802418,6
66,1.0,1.0,0.0,0.0,1.0,1.0,22.2917114772387,6
67,1.0,1.0,0.0,0.0,1.0,0.0,22.51064349706679,6
68,1.0,0.0,0.0,0.0,1.0,0.0,22.62698709280383,6
69,1.0,1.0,0.0,0.0,1.0,0.0,22.964710200484177,6
70,1.0,1.0,0.0,0.0,0.0,0.0,23.43507876224399,6
71,0.0,1.0,0.0,0.0,0.0,0.0,24.31483722744592,6
72,0.0,1.0,0.0,0.0,1.0,0.0,24.44382596779441,6
73,0.0,1.0,0.0,0.0,1.0,1.0,24.654839538027986,6
74,0.0,1.0,1.0,0.0,1.0,1.0,24.83043610592772,6
75,0.0,1.0,1.0,0.0,1.0,0.0,24.85995536933668,6
76,0.0,1.0,1.0,1.0,1.0,0.0,24.906464679379773,6
77,0.0,0.0,1.0,1.0,1.0,0.0,25.066539100954138,6
78,0.0,0.0,1.0,0.0,1.0,0.0,25.419305433839064,6
79,0.0,0.0,1.0,1.0,1.0,0.0,25.56152094635759,6
80,1.0,0.0,1.0,1.0,1.0,0.0,25.610171269598727,6
81,1.0,0.0,1.0,1.0,1.0,1.0,25.774096835553024,6
82,1.0,0.0,1.0,1.0,0.0,1.0,25.987167233973064,6
83,0.0,0.0,1.0,1.0,0.0,1.0,25.994538926851305,6
84,0.0,0.0,0.0,1.0,0.0,1.0,26.309855355000945,6
85,0.0,0.0,0.0,1.0,1.0,1.0,26.997742928830252,6
86,0.0,0.0,0.0,1.0,0.0,1.0,27.191716508577127,6
87,1.0,0.0,0.0,1.0,0.0,1.0,27.326863058551115,6
88,1.0,0.0,0.0,1.0,0.0,0.0,27.84459403030291,6
89,1.0,0.0,1.0,1.0,0.0,0.0,27.97935418065698,6
90,1.0,1.0,1.0,1.0,0.0,0.0,29.169925481818897,6
91,1.0,1.0,1.0,0.0,0.0,0.0,29.52282797214042,6
92,1.0,1.0,1.0,1.0,0.0,0.0,30.651561690360975,6
93,1.0,1.0,0.0,1.0,0.0,0.0,31.179848161304,6
94,1.0,1.0,0.0,1.0,1.0,0.0,31.256808634194535,6
95,1.0,1.0,1.0,1.0,1.0,0.0,31.60592613026427,6
96,1.0,1.0,1.0,1.0,1.0,1.0,32.126545017289644,6
97,1.0,1.0,1.0,1.0,0.0,1.0,32.375450968673505,6
98,1.0,1.0,1.0,1.0,0.0,0.0,34.50168575527587,6
99,1.0,1.0,1.0,0.0,0.0,0.0,34.721715790049274,6
100,1.0,1.0,1.0,0.0,1.0,0.0,35.3029221288294,6
101,1.0,1.0,0.0,0.0,1.0,0.0,35.451152827082005,6
102,1.0,1.0,0.0,0.0,0.0,0.0,36.57567369447481,6
103,1.0,1.0,0.0,0.0,0.0,1.0,36.75846668187307,6
104,1.0,1.0,0.0,1.0,0.0,1.0,36.96813116921321,6
105,1.0,1.0,0.0,1.0,1.0,1.0,37.514530586157974,6
106,1.0,1.0,0.0,1.0,0.0,1.0,37.67794612476771,6
107,1.0,1.0,0.0,1.0,0.0,0.0,37.920133669705194,6
108,1.0,1.0,0.0,1.0,1.0,0.0,38.25017463167115,6
109,1.0,1.0,1.0,1.0,1.0,0.0,38.25471997275014,6
110,0.0,1.0,1.0,1.0,1.0,0.0,39.010573154657095,6
111,0.0,1.0,0.0,1.0,1.0,0.0,39.223674191812094,6
112,0.0,1.0,0.0,1.0,1.0,1.0,39.812085687249784,6
113,0.0,1.0,0.0,0.0,1.0,1.0,39.95168415753794,6
114,1.0,1.0,0.0,0.0,1.0,1.0,40.07074034391696,6
115,1.0,1.0,0.0,1.0,1.0,1.0,40.2288879571822,6
116,1.0,1.0,1.0,1.0,1.0,1.0,40.75052218227481,6
117,1.0,1.0,1.0,1.0,1.0,0.0,40.88966208125598,6
118,1.0,0.0,1.0,1.0,1.0,0.0,41.58811534996454,6
119,1.0,0.0,1.0,1.0,1.0,1.0,42.20452437143486,6
120,1.0,0.0,1.0,1.0,1.0,0.0,42.59753244809603,6
121,1.0,0.0,1.0,1.0,1.0,1.0,42.776328562873346,6
122,0.0,0.0,1.0,1.0,1.0,1.0,43.143942525652356,6
123,0.0,0.0,1.0,1.0,1.0,0.0,43.22894489196641,6
124,0.0,0.0,1.0,1.0,0.0,0.0,45.491056436775594,6
125,0.0,0.0,1.0,0.0,0.0,0.0,45.698511430594536,6
126,0.0,0.0,1.0,1.0,0.0,0.0,45.97893962422628,6
127,0.0,0.0,0.0,1.0,0.0,0.0,46.31545412101025,6
128,0.0,0.0,1.0,1.0,0.0,0.0,46.48431155475909,6
129,0.0,0.0,1.0,1.0,0.0,1.0,46.69847908810631,6
130,0.0,0.0,1.0,1.0,0.0,0.0,46.93519549921762,6
131,1.0,0.0,1.0,1.0,0.0,0.0,47.01411446192369,6
132,1.0,0.0,1.0,0.0,0.0,0.0,47.34735731205598,6
133,1.0,0.0,0.0,0.0,0.0,0.0,47.48281757928187,6
134,1.0,0.0,0.0,1.0,0.0,0.0,47.60904893377262,6
135,1.0,0.0,0.0,0.0,0.0,0.0,47.65470592351323,6
136,0.0,0.0,0.0,0.0,0.0,0.0,47.696687260856415,6
137,0.0,0.0,0.0,0.0,0.0,1.0,47.77979542715245,6
138,0.0,0.0,0.0,0.0,1.0,1.0,48.162845508612314,6
139,0.0,0.0,0.0,0.0,0.0,1.0,48.4651804232636,6
140,0.0,0.0,0.0,1.0,0.0,1.0,48.74966333276952,6
141,0.0,0.0,0.0,0.0,0.0,1.0,49.19764907504418,6
142,0.0,0.0,0.0,0.0,1.0,1.0,50.22289938843583,6
0,0.0,0.0,1.0,1.0,0.0,1.0,0.0,7
1,1.0,0.0,1.0,1.0,0.0,1.0,0.053615551028163504,7
2,1.0,0.0,1.0,0.0,0.0,1.0,0.09645875209493779,7
3,1.0,0.0,1.0,1.0,0.0,1.0,0.18007698246070938,7
4,1.0,0.0,1.0,1.0,0.0,0.0,0.21790388920749879,7
5,1.0,0.0,1.0,0.0,0.0,0.0,0.24355625697358543,7
6,1.0,0.0,1.0,0.0,0.0,1.0,0.507134706317438,7
7,1.0,0.0,1.0,0.0,0.0,0.0,0.7633206016114868,7
8,0.0,0.0,1.0,0.0,0.0,0.0,1.0929985546856484,7
9,0.0,0.0,1.0,0.0,0.0,1.0,1.1234452875900367,7
10,0.0,0.0,1.0,0.0,0.0,0.0,1.5350963548569991,7
11,1.0,0.0,1.0,0.0,0.0,0.0,1.7673480096504668,7
12,1.0,0.0,1.0,0.0,0.0,1.0,1.775220714851634,7
13,1.0,0.0,0.0,0.0,0.0,1.0,1.845612048429658,7
14,1.0,0.0,0.0,1.0,0.0,1.0,1.853017446111721,7
15,1.0,0.0,0.0,0.0,0.0,1.0,1.9112164076618017,7
16,1.0,1.0,0.0,0.0,0.0,1.0,2.1138046393287713,7
17,1.0,1.0,1.0,0.0,0.0,1.0,2.986310591097653,7
18,1.0,1.0,1.0,0.0,0.0,0.0,3.9100218206313517,7
19,1.0,1.0,0.0,0.0,0.0,0.0,4.3361535442369705,7
20,1.0,1.0,0.0,0.0,0.0,1.0,4.995182792480474,7
21,1.0,1.0,0.0,0.0,0.0,0.0,5.085159034628938,7
22,1.0,1.0,0.0,1.0,0.0,0.0,5.397314258140868,7
23,0.0,1.0,0.0,1.0,0.0,0.0,6.282667512354558,7
24,0.0,0.0,0.0,1.0,0.0,0.0,6.350105254821618,7
25,0.0,0.0,1.0,1.0,0.0,0.0,6.500964608366195,7
26,0.0,0.0,0.0,1.0,0.0,0.0,7.911894811840814,7
27,1.0,0.0,0.0,1.0,0.0,0.0,8.47707019719842,7
28,1.0,0.0,1.0,1.0,0.0,0.0,8.508005955865363,7
29,1.0,0.0,0.0,1.0,0.0,0.0,9.290596149539773,7
30,1.0,0.0,0.0,0.0,0.0,0.0,9.431745393272355,7
31,1.0,0.0,1.0,0.0,0.0,0.0,9.664338606262554,7
32,1.0,0.0,1.0,0.0,1.0,0.0,9.680826420726717,7
33,1.0,0.0,1.0,0.0,0.0,0.0,9.7011064436975,7
34,1.0,0.0,1.0,0.0,0.0,1.0,10.20504462790603,7
35,1.0,0.0,1.0,0.0,1.0,1.0,10.430026793922154,7
36,1.0,0.0,1.0,0.0,1.0,0.0,10.644983886793149,7
37,1.0,0.0,1.0,1.0,1.0,0.0,10.82413300629147,7
38,0.0,0.0,1.0,1.0,1.0,0.0,10.903090269326116,7
39,0.0,0.0,1.0,1.0,0.0,0.0,11.064936915387191,7
40,0.0,0.0,1.0,1.0,0.0,1.0,11.256660440423808,7
41,0.0,0.0,1.0,1.0,0.0,0.0,11.638209371243597,7
42,0.0,0.0,1.0,1.0,0.0,1.0,11.757365031402077,7
43,0.0,0.0,0.0,1.0,0.0,1.0,11.89947040562521,7
44,0.0,0.0,1.0,1.0,0.0,1.0,12.055659701024505,7
45,0.0,0.0,0.0,1.0,0.0,1.0,12.224978382526931,7
46,0.0,0.0,1.0,1.0,0.0,1.0,12.40476662871308,7
47,1.0,0.0,1.0,1.0,0.0,1.0,12.897784773376172,7
48,1.0,0.0,1.0,1.0,0.0,0.0,13.092917554904599,7
49,0.0,0.0,1.0,1.0,0.0,0.0,13.145807366853019,7
50,0.0,0.0,1.0,0.0,0.0,0.0,13.463519897860861,7
51,0.0,0.0,1.0,0.0,0.0,1.0,14.65069350467094,7
52,1.0,0.0,1.0,0.0,0.0,1.0,14.651938803130435,7
53,1.0,0.0,1.0,1.0,0.0,1.0,14.775310304768636,7
54,1.0,0.0,1.0,1.0,0.0,0.0,15.06380411999464,7
55,0.0,0.0,1.0,1.0,0.0,0.0,15.06598106062471,7
56,1.0,0.0,1.0,1.0,0.0,0.0,15.974920942033469,7
57,1.0,0.0,0.0,1.0,0.0,0.0,16.016644800958098,7
58,1.0,1.0,0.0,1.0,0.0,0.0,16.14201913394424,7
59,1.0,1.0,0.0,1.0,1.0,0.0,16.298961336176575,7
60,0.0,1.0,0.0,1.0,1.0,0.0,17.705531551074102,7
61,0.0,1.0,0.0,0.0,1.0,0.0,17.99672992405927,7
62,0.0,1.0,0.0,0.0,0.0,0.0,18.101833349959755,7
63,0.0,1.0,0.0,0.0,1.0,0.0,18.490282851053408,7
64,0.0,1.0,0.0,1.0,1.0,0.0,19.705899627041855,7
65,0.0,1.0,0.0,1.0,1.0,1.0,20.47682291721551,7
66,0.0,1.0,0.0,1.0,0.0,1.0,20.556541691005588,7
67,0.0,1.0,0.0,1.0,0.0,0.0,21.136452830905288,7
68,0.0,1.0,1.0,1.0,0.0,0.0,21.241403901303023,7
69,0.0,1.0,0.0,1.0,0.0,0.0,21.38181457331589,7
70,0.0,1.0,0.0,0.0,0.0,0.0,21.84081801858744,7
71,1.0,1.0,0.0,0.0,0.0,0.0,21.95390357212109,7
72,1.0,1.0,0.0,1.0,0.0,0.0,22.011748749788477,7
73,1.0,1.0,0.0,1.0,1.0,0.0,22.30697536248548,7
74,1.0,1.0,0.0,0.0,1.0,0.0,22.600390963653815,7
75,1.0,1.0,0.0,1.0,1.0,0.0,22.698456734169476,7
76,1.0,1.0,1.0,1.0,1.0,0.0,22.811086331216416,7
77,1.0,0.0,1.0,1.0,1.0,0.0,23.11136007638895,7
78,1.0,0.0,1.0,0.0,1.0,0.0,23.759620234328782,7
79,1.0,0.0,0.0,0.0,1.0,0.0,23.760386173134634,7
80,1.0,1.0,0.0,0.0,1.0,0.0,23.765266686847852,7
81,1.0,1.0,0.0,1.0,1.0,0.0,24.519821011303254,7
82,1.0,0.0,0.0,1.0,1.0,0.0,25.100742229843856,7
83,1.0,0.0,0.0,1.0,1.0,1.0,25.565141754270797,7
84,1.0,0.0,1.0,1.0,1.0,1.0,25.595480410249998,7
85,1.0,0.0,1.0,1.0,0.0,1.0,25.6681777785867,7
86,1.0,1.0,1.0,1.0,0.0,1.0,25.88652540056128,7
87,1.0,1.0,0.0,1.0,0.0,1.0,26.48868867471561,7
88,1.0,1.0,0.0,1.0,1.0,1.0,26.704046587331305,7
89,1.0,0.0,0.0,1.0,1.0,1.0,27.597063028393563,7
90,0.0,0.0,0.0,1.0,1.0,1.0,27.782506970862375,7
91,1.0,0.0,0.0,1.0,1.0,1.0,28.136680266630627,7
92,1.0,0.0,0.0,1.0,1.0,0.0,28.208319261061174,7
93,1.0,0.0,1.0,1.0,1.0,0.0,28.315768389562457,7
94,1.0,0.0,0.0,1.0,1.0,0.0,28.391948897157988,7
95,1.0,0.0,0.0,0.0,1.0,0.0,28.575809208169613,7
96,1.0,0.0,0.0,0.0,0.0,0.0,29.519820454259698,7
97,1.0,0.0,0.0,0.0,0.0,1.0,29.641970422696726,7
98,1.0,1.0,0.0,0.0,0.0,1.0,29.643492098485897,7
99,0.0,1.0,0.0,0.0,0.0,1.0,29.975437847730653,7
100,0.0,1.0,0.0,0.0,1.0,1.0,30.05322408652833,7
101,0.0,1.0,0.0,1.0,1.0,1.0,30.263801286954465,7
102,0.0,1.0,0.0,0.0,1.0,1.0,30.312574176820455,7
103,0.0,0.0,0.0,0.0,1.0,1.0,30.511541825114175,7
104,1.0,0.0,0.0,0.0,1.0,1.0,30.67362269520298,7
105,1.0,0.0,1.0,0.0,1.0,1.0,32.40105982035133,7
106,1.0,0.0,1.0,0.0,0.0,1.0,32.653833082016085,7
107,1.0,1.0,1.0,0.0,0.0,1.0,33.0867002249605,7
108,1.0,1.0,0.0,0.0,0.0,1.0,33.149558722183265,7
109,0.0,1.0,0.0,0.0,0.0,1.0,33.65765394078002,7
110,0.0,1.0,0.0,0.0,1.0,1.0,34.23233134858256,7
111,0.0,0.0,0.0,0.0,1.0,1.0,34.881074802864546,7
112,0.0,0.0,0.0,0.0,1.0,0.0,35.34600536152894,7
113,0.0,0.0,0.0,0.0,0.0,0.0,35.80067650427687,7
114,0.0,0.0,0.0,1.0,0.0,0.0,35.85246224623713,7
115,0.0,0.0,0.0,1.0,0.0,1.0,36.48270524422941,7
116,0.0,0.0,0.0,1.0,1.0,1.0,36.57367452407847,7
117,1.0,0.0,0.0,1.0,1.0,1.0,37.449273643899424,7
118,1.0,0.0,0.0,1.0,1.0,0.0,37.486163333037915,7
119,1.0,0.0,0.0,1.0,1.0,1.0,37.52827758126383,7
120,1.0,0.0,0.0,1.0,1.0,0.0,37.881849880134865,7
121,1.0,0.0,0.0,1.0,0.0,0.0,38.56677065963899,7
122,1.0,0.0,0.0,1.0,1.0,0.0,39.73459844951392,7
123,1.0,0.0,0.0,0.0,1.0,0.0,39.7532477351217,7
124,1.0,1.0,0.0,0.0,1.0,0.0,40.101714857251864,7
125,0.0,1.0,0.0,0.0,1.0,0.0,40.69874037938959,7
126,0.0,0.0,0.0,0.0,1.0,0.0,41.24897886938531,7
127,0.0,0.0,0.0,0.0,0.0,0.0,42.03692675422503,7
128,0.0,0.0,0.0,0.0,1.0,0.0,42.17330097359785,7
129,1.0,0.0,0.0,0.0,1.0,0.0,42.19925274192832,7
130,1.0,0.0,1.0,0.0,1.0,0.0,42.28814888366396,7
131,0.0,0.0,1.0,0.0,1.0,0.0,42.85596129138666,7
132,1.0,0.0,1.0,0.0,1.0,0.0,42.86872496101126,7
133,0.0,0.0,1.0,0.0,1.0,0.0,42.89465605971736,7
134,0.0,0.0,1.0,0.0,0.0,0.0,43.487964542251724,7
135,1.0,0.0,1.0,0.0,0.0,0.0,43.62254383124356,7
136,1.0,0.0,0.0,0.0,0.0,0.0,43.74781031384955,7
137,0.0,0.0,0.0,0.0,0.0,0.0,43.86628598362454,7
138,0.0,0.0,0.0,1.0,0.0,0.0,44.146994628215076,7
139,0.0,0.0,0.0,1.0,1.0,0.0,44.95129096078559,7
140,0.0,0.0,0.0,1.0,0.0,0.0,45.01188502626902,7
141,0.0,0.0,0.0,0.0,0.0,0.0,45.640256519092,7
142,0.0,0.0,0.0,0.0,0.0,1.0,45.826141844016774,7
143,0.0,0.0,0.0,0.0,0.0,0.0,46.60932925104955,7
144,1.0,0.0,0.0,0.0,0.0,0.0,46.8346131149958,7
145,1.0,1.0,0.0,0.0,0.0,0.0,46.942091452949526,7
146,1.0,1.0,0.0,1.0,0.0,0.0,47.73040158031496,7
147,1.0,1.0,0.0,1.0,0.0,1.0,48.07769858156584,7
148,1.0,1.0,0.0,1.0,0.0,0.0,48.60701752536352,7
149,1.0,1.0,0.0,0.0,0.0,0.0,49.64643569737303,7
150,1.0,1.0,1.0,0.0,0.0,0.0,49.8803570350766,7
151,1.0,0.0,1.0,0.0,0.0,0.0,51.72235331572638,7
0,1.0,0.0,0.0,0.0,0.0,0.0,0.0,8
1,1.0,1.0,0.0,0.0,0.0,0.0,1.0589735669342155,8
2,0.0,1.0,0.0,0.0,0.0,0.0,1.0858077011656602,8
3,0.0,1.0,0.0,0.0,1.0,0.0,1.398613943247398,8
4,1.0,1.0,0.0,0.0,1.0,0.0,2.612893434324009,8
5,1.0,1.0,1.0,0.0,1.0,0.0,3.1636377512177822,8
6,1.0,1.0,0.0,0.0,1.0,0.0,3.328169784636477,8
7,1.0,1.0,1.0,0.0,1.0,0.0,3.7585537961717503,8
8,1.0,1.0,1.0,0.0,0.0,0.0,4.613707159333434,8
9,1.0,1.0,1.0,1.0,0.0,0.0,5.095692694829488,8
10,1.0,1.0,1.0,0.0,0.0,0.0,5.635263316180322,8
11,1.0,1.0,1.0,0.0,1.0,0.0,5.80263285127395,8
12,1.0,0.0,1.0,0.0,1.0,0.0,5.866650477624949,8
13,1.0,1.0,1.0,0.0,1.0,0.0,5.882890014022054,8
14,0.0,1.0,1.0,0.0,1.0,0.0,5.974386585837586,8
15,0.0,1.0,1.0,0.0,0.0,0.0,6.168491944000547,8
16,0.0,0.0,1.0,0.0,0.0,0.0,6.88677221642868,8
17,0.0,0.0,0.0,0.0,0.0,0.0,7.038484287001214,8
18,1.0,0.0,0.0,0.0,0.0,0.0,7.666882302544032,8
19,0.0,0.0,0.0,0.0,0.0,0.0,8.281754896882596,8
20,1.0,0.0,0.0,0.0,0.0,0.0,8.334427331989177,8
21,1.0,0.0,0.0,0.0,1.0,0.0,8.689643976410968,8
22,1.0,1.0,0.0,0.0,1.0,0.0,9.073416588029014,8
23,1.0,1.0,0.0,0.0,1.0,1.0,10.18553689243803,8
24,1.0,1.0,0.0,0.0,0.0,1.0,11.037398865087585,8
25,1.0,1.0,0.0,0.0,1.0,1.0,11.098008788639389,8
26,1.0,1.0,0.0,0.0,0.0,1.0,12.062654240967964,8
27,1.0,1.0,1.0,0.0,0.0,1.0,12.551202563528332,8
28,1.0,1.0,1.0,0.0,0.0,0.0,12.729473913144606,8
29,1.0,1.0,0.0,0.0,0.0,0.0,12.99866319145616,8
30,1.0,1.0,0.0,0.0,1.0,0.0,13.108581744794499,8
31,1.0,1.0,1.0,0.0,1.0,0.0,14.898158584486094,8
32,1.0,1.0,1.0,0.0,1.0,1.0,15.3859539332817,8
33,1.0,1.0,1.0,0.0,1.0,0.0,15.435640324481483,8
34,1.0,1.0,0.0,0.0,1.0,0.0,15.62508676350731,8
35,1.0,1.0,0.0,0.0,1.0,1.0,16.405419764313628,8
36,1.0,1.0,0.0,1.0,1.0,1.0,19.19716456281792,8
37,1.0,0.0,0.0,1.0,1.0,1.0,20.087367114224932,8
38,1.0,0.0,0.0,0.0,1.0,1.0,20.118354373652537,8
39,1.0,0.0,0.0,0.0,1.0,0.0,21.019261823042257,8
40,1.0,0.0,0.0,1.0,1.0,0.0,21.123018271085844,8
41,1.0,0.0,0.0,0.0,1.0,0.0,21.341685047369154,8
42,1.0,1.0,0.0,0.0,1.0,0.0,22.067138070396744,8
43,1.0,1.0,0.0,0.0,0.0,0.0,22.4181320963798,8
44,1.0,1.0,0.0,1.0,0.0,0.0,22.718389435875654,8
45,1.0,0.0,0.0,1.0,0.0,0.0,22.870238765611596,8
46,1.0,0.0,0.0,0.0,0.0,0.0,23.05371641822744,8
47,0.0,0.0,0.0,0.0,0.0,0.0,23.0747026300538,8
48,1.0,0.0,0.0,0.0,0.0,0.0,23.466737996629984,8
49,1.0,0.0,0.0,1.0,0.0,0.0,24.619981958986585,8
50,1.0,0.0,0.0,1.0,0.0,1.0,25.22095938903148,8
51,1.0,0.0,0.0,1.0,0.0,0.0,25.84826628422074,8
52,1.0,0.0,0.0,1.0,1.0,0.0,25.960048646742056,8
53,0.0,0.0,0.0,1.0,1.0,0.0,26.006129989646052,8
54,0.0,0.0,0.0,1.0,1.0,1.0,26.395548252163056,8
55,0.0,0.0,0.0,0.0,1.0,1.0,26.81404325766324,8
56,0.0,0.0,0.0,0.0,1.0,0.0,27.154741997172355,8
57,0.0,0.0,0.0,1.0,1.0,0.0,27.272547894872744,8
58,0.0,0.0,0.0,1.0,0.0,0.0,28.167896607183245,8
59,0.0,0.0,0.0,1.0,1.0,0.0,29.022490110092388,8
60,0.0,0.0,0.0,0.0,1.0,0.0,29.24208537105399,8
61,1.0,0.0,0.0,0.0,1.0,0.0,29.265458962704965,8
62,1.0,0.0,1.0,0.0,1.0,0.0,29.287404716621534,8
63,1.0,0.0,1.0,0.0,1.0,1.0,30.191462169234068,8
64,1.0,1.0,1.0,0.0,1.0,1.0,30.24907553956022,8
65,1.0,1.0,0.0,0.0,1.0,1.0,30.76610633769148,8
66,1.0,1.0,0.0,0.0,0.0,1.0,30.935688823966185,8
67,1.0,1.0,0.0,0.0,1.0,1.0,31.076498864129896,8
68,0.0,1.0,0.0,0.0,1.0,1.0,31.78644937494229,8
69,0.0,0.0,0.0,0.0,1.0,1.0,31.996589586329854,8
70,0.0,0.0,0.0,0.0,0.0,1.0,32.20061484248304,8
71,0.0,0.0,0.0,0.0,1.0,1.0,32.58795690373769,8
72,0.0,0.0,0.0,0.0,1.0,0.0,32.61085815497925,8
73,0.0,0.0,0.0,1.0,1.0,0.0,32.740304296022984,8
74,0.0,0.0,0.0,0.0,1.0,0.0,33.15040156408567,8
75,0.0,0.0,0.0,1.0,1.0,0.0,33.806580464374306,8
76,0.0,0.0,0.0,0.0,1.0,0.0,33.82039490670614,8
77,0.0,0.0,0.0,0.0,0.0,0.0,34.80253716728104,8
78,1.0,0.0,0.0,0.0,0.0,0.0,35.06750510419124,8
79,0.0,0.0,0.0,0.0,0.0,0.0,35.299727952867094,8
80,1.0,0.0,0.0,0.0,0.0,0.0,35.79395914738447,8
81,0.0,0.0,0.0,0.0,0.0,0.0,36.254661556622466,8
82,0.0,0.0,0.0,0.0,0.0,1.0,36.758598588453104,8
83,1.0,0.0,0.0,0.0,0.0,1.0,37.00522696744476,8
84,1.0,0.0,0.0,0.0,1.0,1.0,37.519262465639066,8
85,1.0,1.0,0.0,0.0,1.0,1.0,37.89491277014188,8
86,0.0,1.0,0.0,0.0,1.0,1.0,38.15330110387462,8
87,0.0,1.0,0.0,0.0,1.0,0.0,38.2421123239337,8
88,1.0,1.0,0.0,0.0,1.0,0.0,38.37470725976068,8
89,0.0,1.0,0.0,0.0,1.0,0.0,38.511515753567885,8
90,1.0,1.0,0.0,0.0,1.0,0.0,38.51978648930115,8
91,1.0,1.0,0.0,0.0,0.0,0.0,38.99910682978444,8
92,1.0,1.0,1.0,0.0,0.0,0.0,39.14021818567416,8
93,1.0,1.0,1.0,0.0,0.0,1.0,40.277118269176704,8
94,1.0,1.0,0.0,0.0,0.0,1.0,41.492355362710626,8
95,1.0,0.0,0.0,0.0,0.0,1.0,42.17554804001912,8
96,1.0,1.0,0.0,0.0,0.0,1.0,42.374348438357096,8
97,0.0,1.0,0.0,0.0,0.0,1.0,42.81284752056246,8
98,0.0,1.0,0.0,1.0,0.0,1.0,42.83954461818805,8
99,1.0,1.0,0.0,1.0,0.0,1.0,43.85769927502898,8
100,1.0,1.0,0.0,1.0,1.0,1.0,46.37059246478455,8
101,1.0,1.0,1.0,1.0,1.0,1.0,46.44972681102084,8
102,1.0,1.0,1.0,0.0,1.0,1.0,47.293180699259885,8
103,1.0,1.0,1.0,0.0,0.0,1.0,47.613228012770406,8
104,1.0,1.0,0.0,0.0,0.0,1.0,47.63312459582693,8
105,1.0,1.0,0.0,0.0,0.0,0.0,47.874624245712965,8
106,0.0,1.0,0.0,0.0,0.0,0.0,48.570528722767996,8
107,0.0,0.0,0.0,0.0,0.0,0.0,49.10490023014443,8
108,0.0,0.0,0.0,0.0,0.0,1.0,49.461146514941326,8
109,1.0,0.0,0.0,0.0,0.0,1.0,49.66888762816336,8
110,1.0,1.0,0.0,0.0,0.0,1.0,49.93791271535993,8
111,1.0,1.0,0.0,0.0,1.0,1.0,50.61877453559556,8
0,1.0,0.0,1.0,0.0,0.0,1.0,0.0,9
1,1.0,1.0,1.0,0.0,0.0,1.0,0.3717798814066516,9
2,1.0,1.0,1.0,0.0,0.0,0.0,0.9252926117510332,9
3,1.0,1.0,0.0,0.0,0.0,0.0,1.049605200000743,9
4,1.0,0.0,0.0,0.0,0.0,0.0,1.091952615830069,9
5,1.0,0.0,0.0,1.0,0.0,0.0,1.112603101466316,9
6,1.0,1.0,0.0,1.0,0.0,0.0,1.2887897837541593,9
7,1.0,1.0,0.0,1.0,1.0,0.0,1.3287212769639136,9
8,1.0,1.0,0.0,1.0,0.0,0.0,2.615776756782786,9
9,1.0,0.0,0.0,1.0,0.0,0.0,2.705535056074717,9
10,0.0,0.0,0.0,1.0,0.0,0.0,2.7281552108826186,9
11,0.0,0.0,0.0,1.0,1.0,0.0,2.7516790629388526,9
12,0.0,0.0,1.0,1.0,1.0,0.0,3.0020151175385466,9
13,0.0,0.0,1.0,1.0,0.0,0.0,3.4426147155729514,9
14,0.0,0.0,1.0,1.0,0.0,1.0,3.8216682704362563,9
15,0.0,0.0,0.0,1.0,0.0,1.0,3.9529248266269983,9
16,0.0,0.0,0.0,0.0,0.0,1.0,4.246454017171146,9
17,0.0,0.0,1.0,0.0,0.0,1.0,4.33229308267686,9
18,0.0,0.0,1.0,1.0,0.0,1.0,4.37060318576632,9
19,0.0,0.0,1.0,0.0,0.0,1.0,4.455472241700909,9
20,0.0,0.0,1.0,0.0,1.0,1.0,4.66854383844008,9
21,0.0,0.0,0.0,0.0,1.0,1.0,5.300111438774947,9
22,0.0,0.0,0.0,0.0,0.0,1.0,5.814671181913271,9
23,0.0,0.0,0.0,0.0,1.0,1.0,5.976003362039633,9
24,0.0,0.0,0.0,0.0,1.0,0.0,6.2441431307267585,9
25,0.0,0.0,0.0,0.0,0.0,0.0,7.217945148180491,9
26,0.0,0.0,0.0,0.0,1.0,0.0,7.957658811987649,9
27,0.0,0.0,0.0,1.0,1.0,0.0,8.114688027117664,9
28,0.0,0.0,0.0,0.0,1.0,0.0,8.86235559987702,9
29,0.0,0.0,0.0,0.0,0.0,0.0,9.1317783169196,9
30,0.0,0.0,0.0,0.0,1.0,0.0,9.369200701972558,9
31,0.0,0.0,1.0,0.0,1.0,0.0,9.947150497774095,9
32,0.0,0.0,1.0,1.0,1.0,0.0,10.543739399606018,9
33,0.0,0.0,1.0,0.0,1.0,0.0,10.630866158686688,9
34,0.0,0.0,1.0,0.0,0.0,0.0,10.642816303182316,9
35,0.0,0.0,1.0,0.0,0.0,1.0,11.429135491262256,9
36,0.0,0.0,1.0,0.0,1.0,1.0,11.440991220250075,9
37,0.0,0.0,1.0,0.0,0.0,1.0,11.943862629524892,9
38,1.0,0.0,1.0,0.0,0.0,1.0,11.955043450023979,9
39,1.0,0.0,0.0,0.0,0.0,1.0,12.10166713053251,9
40,1.0,1.0,0.0,0.0,0.0,1.0,12.262677994106294,9
41,1.0,0.0,0.0,0.0,0.0,1.0,13.77270200357039,9
42,1.0,0.0,0.0,0.0,1.0,1.0,13.899678740001711,9
43,1.0,0.0,0.0,0.0,1.0,0.0,14.100525859522426,9
44,1.0,0.0,0.0,1.0,1.0,0.0,14.628157865887747,9
45,1.0,0.0,0.0,0.0,1.0,0.0,14.97448528366816,9
46,1.0,0.0,0.0,1.0,1.0,0.0,15.028816171730194,9
47,1.0,0.0,0.0,1.0,0.0,0.0,15.079080460666123,9
48,1.0,1.0,0.0,1.0,0.0,0.0,15.833202842517561,9
49,1.0,1.0,1.0,1.0,0.0,0.0,15.839492744580673,9
50,1.0,0.0,1.0,1.0,0.0,0.0,16.35566337481189,9
51,1.0,0.0,1.0,0.0,0.0,0.0,16.63588539421709,9
52,1.0,0.0,1.0,1.0,0.0,0.0,16.740886509300626,9
53,1.0,0.0,1.0,0.0,0.0,0.0,16.783345124040423,9
54,1.0,0.0,1.0,1.0,0.0,0.0,17.166719839307166,9
55,1.0,0.0,1.0,1.0,1.0,0.0,17.51160286148821,9
56,1.0,0.0,1.0,1.0,1.0,1.0,17.619602943050573,9
57,1.0,0.0,1.0,1.0,1.0,0.0,18.057912215125942,9
58,1.0,0.0,0.0,1.0,1.0,0.0,18.086066854954282,9
59,1.0,0.0,0.0,1.0,1.0,1.0,18.377936084345155,9
60,1.0,0.0,0.0,1.0,0.0,1.0,18.99613423663349,9
61,0.0,0.0,0.0,1.0,0.0,1.0,19.25993892956538,9
62,0.0,0.0,0.0,1.0,1.0,1.0,19.264689643834277,9
63,0.0,0.0,0.0,1.0,1.0,0.0,19.302382431952793,9
64,0.0,0.0,0.0,1.0,1.0,1.0,19.659243283130166,9
65,0.0,0.0,0.0,1.0,0.0,1.0,19.975714326779702,9
66,0.0,0.0,1.0,1.0,0.0,1.0,20.051895580740343,9
67,0.0,0.0,1.0,1.0,1.0,1.0,20.126788570012653,9
68,0.0,0.0,1.0,0.0,1.0,1.0,21.09640909818079,9
69,0.0,0.0,1.0,0.0,1.0,0.0,21.250682823014575,9
70,0.0,0.0,1.0,1.0,1.0,0.0,22.035464862002616,9
71,0.0,0.0,1.0,1.0,1.0,1.0,22.118343965640534,9
72,0.0,0.0,1.0,1.0,1.0,0.0,22.500009977050482,9
73,0.0,0.0,1.0,0.0,1.0,0.0,23.040152363267897,9
74,1.0,0.0,1.0,0.0,1.0,0.0,23.334320645988324,9
75,1.0,0.0,0.0,0.0,1.0,0.0,23.946471552626296,9
76,0.0,0.0,0.0,0.0,1.0,0.0,24.533940816302692,9
77,0.0,0.0,0.0,0.0,0.0,0.0,24.544283029910307,9
78,0.0,0.0,1.0,0.0,0.0,0.0,25.08372854237365,9
79,0.0,0.0,1.0,0.0,0.0,1.0,25.203055566522625,9
80,0.0,0.0,1.0,0.0,0.0,0.0,25.25884943872267,9
81,1.0,0.0,1.0,0.0,0.0,0.0,25.30740866095801,9
82,0.0,0.0,1.0,0.0,0.0,0.0,27.154690570109178,9
83,0.0,0.0,1.0,1.0,0.0,0.0,28.505438823299126,9
84,0.0,0.0,1.0,0.0,0.0,0.0,28.892804021948294,9
85,1.0,0.0,1.0,0.0,0.0,0.0,29.14346822900916,9
86,1.0,0.0,1.0,0.0,1.0,0.0,29.578624373697437,9
87,1.0,0.0,0.0,0.0,1.0,0.0,30.285883475254074,9
88,1.0,0.0,1.0,0.0,1.0,0.0,30.334528973727135,9
89,0.0,0.0,1.0,0.0,1.0,0.0,30.71463983889502,9
90,1.0,0.0,1.0,0.0,1.0,0.0,31.298677524513977,9
91,1.0,0.0,1.0,1.0,1.0,0.0,31.844874280695002,9
92,1.0,1.0,1.0,1.0,1.0,0.0,31.853820285460284,9
93,1.0,1.0,0.0,1.0,1.0,0.0,31.963360652544342,9
94,1.0,1.0,0.0,1.0,0.0,0.0,33.33380951509695,9
95,1.0,1.0,0.0,0.0,0.0,0.0,33.72438244248234,9
96,1.0,1.0,0.0,0.0,1.0,0.0,34.05348537291833,9
97,1.0,1.0,0.0,0.0,1.0,1.0,34.633665845978555,9
98,1.0,1.0,0.0,0.0,0.0,1.0,34.65786611820572,9
99,1.0,1.0,0.0,0.0,1.0,1.0,34.67080113140212,9
100,1.0,0.0,0.0,0.0,1.0,1.0,37.61349999821091,9
101,1.0,0.0,0.0,0.0,0.0,1.0,38.37362017377778,9
102,1.0,1.0,0.0,0.0,0.0,1.0,38.437856316429965,9
103,0.0,1.0,0.0,0.0,0.0,1.0,38.895272094693404,9
104,1.0,1.0,0.0,0.0,0.0,1.0,39.01246037933261,9
105,1.0,1.0,0.0,0.0,1.0,1.0,43.52109833891481,9
106,1.0,1.0,0.0,0.0,0.0,1.0,43.81082998354545,9
107,0.0,1.0,0.0,0.0,0.0,1.0,44.161651862197694,9
108,0.0,1.0,0.0,0.0,1.0,1.0,44.192525478280594,9
109,1.0,1.0,0.0,0.0,1.0,1.0,45.0038752012462,9
110,0.0,1.0,0.0,0.0,1.0,1.0,45.234777332227615,9
111,0.0,1.0,0.0,0.0,1.0,0.0,45.601924572478275,9
112,1.0,1.0,0.0,0.0,1.0,0.0,45.726930075702974,9
113,1.0,1.0,1.0,0.0,1.0,0.0,45.72895721521146,9
114,0.0,1.0,1.0,0.0,1.0,0.0,46.05221142601154,9
115,0.0,0.0,1.0,0.0,1.0,0.0,46.061796875786996,9
116,0.0,0.0,1.0,0.0,0.0,0.0,46.24092690911212,9
117,0.0,0.0,1.0,0.0,0.0,1.0,46.342059917000476,9
118,0.0,0.0,1.0,0.0,0.0,0.0,46.3437016933565,9
119,0.0,0.0,1.0,1.0,0.0,0.0,46.793635632142866,9
120,0.0,0.0,0.0,1.0,0.0,0.0,46.94669718456193,9
121,0.0,0.0,0.0,1.0,1.0,0.0,47.042984118857056,9
122,0.0,0.0,0.0,0.0,1.0,0.0,47.09568484323619,9
123,0.0,0.0,0.0,0.0,1.0,1.0,47.1668580411792,9
124,0.0,0.0,0.0,1.0,1.0,1.0,47.72034268974139,9
125,1.0,0.0,0.0,1.0,1.0,1.0,47.92182701475913,9
126,1.0,0.0,0.0,0.0,1.0,1.0,48.068825698761366,9
127,1.0,0.0,0.0,0.0,0.0,1.0,48.20447270110475,9
128,1.0,1.0,0.0,0.0,0.0,1.0,49.01400329918776,9
129,1.0,1.0,0.0,0.0,0.0,0.0,49.13321359724925,9
130,1.0,1.0,0.0,0.0,0.0,1.0,49.847931996963894,9
131,1.0,0.0,0.0,0.0,0.0,1.0,49.902087038157624,9
132,1.0,0.0,0.0,0.0,1.0,1.0,50.51182242687753,9
0,1.0,1.0,1.0,1.0,0.0,0.0,0.0,10
1,1.0,1.0,1.0,0.0,0.0,0.0,0.6144163157003855,10
2,1.0,1.0,0.0,0.0,0.0,0.0,0.6155589051936275,10
3,1.0,1.0,1.0,0.0,0.0,0.0,0.7257227381220773,10
4,1.0,1.0,0.0,0.0,0.0,0.0,1.6958284903043332,10
5,1.0,1.0,0.0,0.0,1.0,0.0,2.046771105601784,10
6,1.0,1.0,1.0,0.0,1.0,0.0,2.0872168022278057,10
7,1.0,1.0,1.0,0.0,1.0,1.0,2.1064978006018666,10
8,1.0,1.0,1.0,1.0,1.0,1.0,2.334100209992877,10
9,1.0,1.0,0.0,1.0,1.0,1.0,3.0007676974255357,10
10,1.0,0.0,0.0,1.0,1.0,1.0,3.168504900211861,10
11,1.0,0.0,0.0,0.0,1.0,1.0,3.183448881613495,10
12,1.0,0.0,0.0,0.0,1.0,0.0,3.8935904923121534,10
13,1.0,1.0,0.0,0.0,1.0,0.0,3.934932084134436,10
14,0.0,1.0,0.0,0.0,1.0,0.0,4.891354729850684,10
15,0.0,1.0,1.0,0.0,1.0,0.0,5.65507029161054,10
16,0.0,0.0,1.0,0.0,1.0,0.0,6.652756651743913,10
17,1.0,0.0,1.0,0.0,1.0,0.0,6.663727999278433,10
18,1.0,1.0,1.0,0.0,1.0,0.0,6.806181423850813,10
19,0.0,1.0,1.0,0.0,1.0,0.0,6.810616036832027,10
20,1.0,1.0,1.0,0.0,1.0,0.0,7.059696049770914,10
21,0.0,1.0,1.0,0.0,1.0,0.0,7.172798805764361,10
22,1.0,1.0,1.0,0.0,1.0,0.0,7.862569141099181,10
23,1.0,1.0,1.0,0.0,0.0,0.0,8.32186627010101,10
24,1.0,1.0,1.0,1.0,0.0,0.0,8.718173106937849,10
25,1.0,1.0,1.0,1.0,1.0,0.0,9.034209880817782,10
26,1.0,1.0,0.0,1.0,1.0,0.0,9.317059983901107,10
27,0.0,1.0,0.0,1.0,1.0,0.0,9.6595614647468,10
28,1.0,1.0,0.0,1.0,1.0,0.0,9.922290274292873,10
29,1.0,1.0,0.0,0.0,1.0,0.0,10.102292135745547,10
30,1.0,1.0,0.0,0.0,0.0,0.0,10.146042081584332,10
31,1.0,1.0,0.0,0.0,1.0,0.0,10.526369499508936,10
32,1.0,1.0,0.0,1.0,1.0,0.0,11.586592845778691,10
33,1.0,1.0,0.0,1.0,0.0,0.0,12.732930086957094,10
34,0.0,1.0,0.0,1.0,0.0,0.0,13.41580070808381,10
35,0.0,1.0,0.0,1.0,1.0,0.0,14.029221930154435,10
36,1.0,1.0,0.0,1.0,1.0,0.0,15.309063650757432,10
37,1.0,1.0,0.0,0.0,1.0,0.0,18.774760116210135,10
38,1.0,1.0,0.0,0.0,0.0,0.0,18.956978004193136,10
39,1.0,0.0,0.0,0.0,0.0,0.0,19.205898372955595,10
40,1.0,0.0,0.0,0.0,1.0,0.0,19.596743234637643,10
41,0.0,0.0,0.0,0.0,1.0,0.0,19.751303409188246,10
42,0.0,0.0,0.0,1.0,1.0,0.0,19.804759934570516,10
43,0.0,0.0,1.0,1.0,1.0,0.0,19.90472102189874,10
44,0.0,0.0,1.0,1.0,1.0,1.0,20.124005427942688,10
45,0.0,0.0,1.0,1.0,1.0,0.0,20.227399633265197,10
46,0.0,0.0,1.0,0.0,1.0,0.0,20.920354288346616,10
47,1.0,0.0,1.0,0.0,1.0,0.0,21.598779790676375,10
48,1.0,0.0,1.0,0.0,0.0,0.0,22.126101505124478,10
49,1.0,0.0,1.0,1.0,0.0,0.0,22.20149532786343,10
50,1.0,0.0,1.0,1.0,0.0,1.0,22.595469223527925,10
51,1.0,1.0,1.0,1.0,0.0,1.0,22.84477609739828,10
52,1.0,1.0,1.0,1.0,1.0,1.0,23.40835778132967,10
53,1.0,1.0,1.0,1.0,1.0,0.0,23.54005114228573,10
54,1.0,1.0,1.0,1.0,0.0,0.0,23.66040863663738,10
55,1.0,1.0,1.0,1.0,0.0,1.0,24.008207391322163,10
56,1.0,1.0,1.0,1.0,0.0,0.0,24.233078954321964,10
57,0.0,1.0,1.0,1.0,0.0,0.0,25.52511377614465,10
58,0.0,1.0,1.0,1.0,0.0,1.0,25.544907973328506,10
59,1.0,1.0,1.0,1.0,0.0,1.0,27.001677225391425,10
60,1.0,1.0,0.0,1.0,0.0,1.0,27.49778231986559,10
61,1.0,1.0,0.0,1.0,0.0,0.0,28.152016098223438,10
62,1.0,1.0,0.0,1.0,1.0,0.0,28.4777330982649,10
63,1.0,0.0,0.0,1.0,1.0,0.0,29.20543621758029,10
64,1.0,0.0,0.0,1.0,0.0,0.0,29.704353673481588,10
65,1.0,1.0,0.0,1.0,0.0,0.0,30.28788647197113,10
66,1.0,1.0,1.0,1.0,0.0,0.0,30.448629731759166,10
67,1.0,1.0,0.0,1.0,0.0,0.0,30.828622969600502,10
68,0.0,1.0,0.0,1.0,0.0,0.0,31.804706479097753,10
69,0.0,1.0,0.0,0.0,0.0,0.0,32.05465723873648,10
70,0.0,0.0,0.0,0.0,0.0,0.0,32.65806033230114,10
71,1.0,0.0,0.0,0.0,0.0,0.0,32.82693293681236,10
72,1.0,0.0,1.0,0.0,0.0,0.0,32.85420269307032,10
73,1.0,0.0,1.0,0.0,1.0,0.0,33.421891685021315,10
74,1.0,0.0,1.0,0.0,0.0,0.0,33.61007354129949,10
75,1.0,1.0,1.0,0.0,0.0,0.0,33.7973916296921,10
76,1.0,1.0,1.0,0.0,0.0,1.0,34.008825652507085,10
77,1.0,1.0,1.0,0.0,0.0,0.0,34.405104937758,10
78,1.0,1.0,1.0,0.0,0.0,1.0,34.9169468228616,10
79,1.0,1.0,1.0,0.0,0.0,0.0,35.45984704260974,10
80,1.0,1.0,1.0,0.0,1.0,0.0,35.490085527348704,10
81,1.0,1.0,1.0,0.0,0.0,0.0,35.49919259507943,10
82,1.0,1.0,1.0,0.0,0.0,1.0,36.27893883731042,10
83,1.0,1.0,0.0,0.0,0.0,1.0,36.52072564268371,10
84,1.0,1.0,0.0,0.0,1.0,1.0,37.23913362818964,10
85,0.0,1.0,0.0,0.0,1.0,1.0,38.21999273500735,10
86,1.0,1.0,0.0,0.0,1.0,1.0,38.26925459600968,10
87,1.0,0.0,0.0,0.0,1.0,1.0,38.36400086835644,10
88,1.0,0.0,0.0,1.0,1.0,1.0,39.64856442795105,10
89,1.0,0.0,0.0,0.0,1.0,1.0,39.68212992186601,10
90,1.0,0.0,0.0,1.0,1.0,1.0,40.75068682037894,10
91,1.0,0.0,0.0,0.0,1.0,1.0,40.83426349853438,10
92,1.0,0.0,0.0,0.0,0.0,1.0,40.888360764344135,10
93,1.0,0.0,0.0,0.0,0.0,0.0,41.40847884461219,10
94,1.0,0.0,0.0,0.0,0.0,1.0,41.803484354587404,10
95,0.0,0.0,0.0,0.0,0.0,1.0,41.83980697021699,10
96,0.0,0.0,0.0,0.0,1.0,1.0,42.74965200214835,10
97,0.0,0.0,0.0,1.0,1.0,1.0,43.403578552153135,10
98,0.0,0.0,0.0,0.0,1.0,1.0,43.4773306976451,10
99,0.0,0.0,0.0,1.0,1.0,1.0,44.13164897834119,10
100,0.0,0.0,0.0,0.0,1.0,1.0,45.08030593150246,10
101,0.0,0.0,0.0,0.0,0.0,1.0,45.212178710082654,10
102,1.0,0.0,0.0,0.0,0.0,1.0,45.30927143630597,10
103,1.0,0.0,0.0,1.0,0.0,1.0,45.3393275905978,10
104,1.0,0.0,0.0,0.0,0.0,1.0,45.57162332711795,10
105,1.0,0.0,1.0,0.0,0.0,1.0,45.87948250181579,10
106,1.0,0.0,1.0,1.0,0.0,1.0,46.0215649789085,10
107,1.0,0.0,1.0,1.0,0.0,0.0,46.1721486687352,10
108,1.0,1.0,1.0,1.0,0.0,0.0,46.547314397490744,10
109,1.0,0.0,1.0,1.0,0.0,0.0,46.694922403959325,10
110,1.0,0.0,1.0,0.0,0.0,0.0,46.942639300835104,10
111,1.0,0.0,1.0,0.0,1.0,0.0,47.19302293386234,10
112,1.0,0.0,1.0,0.0,0.0,0.0,47.903097864430215,10
113,0.0,0.0,1.0,0.0,0.0,0.0,48.09310009068983,10
114,1.0,0.0,1.0,0.0,0.0,0.0,48.603612014121815,10
115,1.0,0.0,1.0,0.0,1.0,0.0,48.66882299885896,10
116,1.0,0.0,1.0,0.0,0.0,0.0,48.68279767333863,10
117,1.0,0.0,0.0,0.0,0.0,0.0,49.13264793312767,10
118,0.0,0.0,0.0,0.0,0.0,0.0,49.2316493443229,10
119,1.0,0.0,0.0,0.0,0.0,0.0,50.320258385174206,10
